{
    "root_group": {
        "name": "",
        "path": "",
        "id": "d41d8cd98f00b204e9800998ecf8427e",
        "groups": {},
        "checks": {
                "status is 200": {
                    "passes": 600,
                    "fails": 0,
                    "name": "status is 200",
                    "path": "::status is 200",
                    "id": "6210a8cd14cd70477eba5c5e4cb3fb5f"
                },
                "has sum": {
                    "name": "has sum",
                    "path": "::has sum",
                    "id": "8710474e05a01dc8091674224550be6c",
                    "passes": 600,
                    "fails": 0
                }
            }
    },
    "metrics": {
        "data_sent": {
            "count": 89400,
            "rate": 4469.883246649597
        },
        "http_req_duration{expected_response:true}": {
            "avg": 3.3463516666666657,
            "min": 0.5031,
            "med": 3.25085,
            "max": 7.5261,
            "p(90)": 5.85675,
            "p(95)": 6.312904999999999
        },
        "iterations": {
            "count": 600,
            "rate": 29.999216420467096
        },
        "vus": {
            "value": 0,
            "min": 0,
            "max": 0
        },
        "http_req_failed": {
            "passes": 0,
            "fails": 600,
            "thresholds": {
                "rate<0.10": false
            },
            "value": 0
        },
        "http_req_tls_handshaking": {
            "avg": 0,
            "min": 0,
            "med": 0,
            "max": 0,
            "p(90)": 0,
            "p(95)": 0
        },
        "vus_max": {
            "value": 60,
            "min": 60,
            "max": 60
        },
        "iteration_duration": {
            "min": 0.5031,
            "med": 3.3735,
            "max": 13.2805,
            "p(90)": 6.163280000000001,
            "p(95)": 6.735519999999999,
            "avg": 3.5039268333333355
        },
        "http_req_blocked": {
            "avg": 0.0941145,
            "min": 0,
            "med": 0,
            "max": 9.2474,
            "p(90)": 0,
            "p(95)": 1.01964
        },
        "http_req_receiving": {
            "p(95)": 0.9445599999999998,
            "avg": 0.3502991666666668,
            "min": 0,
            "med": 0.32589999999999997,
            "max": 1.5111,
            "p(90)": 0.8819300000000001
        },
        "http_req_duration": {
            "p(90)": 5.85675,
            "p(95)": 6.312904999999999,
            "avg": 3.3463516666666657,
            "min": 0.5031,
            "med": 3.25085,
            "max": 7.5261
        },
        "http_req_sending": {
            "p(95)": 0,
            "avg": 0.012193,
            "min": 0,
            "med": 0,
            "max": 0.7011,
            "p(90)": 0
        },
        "checks": {
            "passes": 1200,
            "fails": 0,
            "value": 1
        },
        "data_received": {
            "count": 144600,
            "rate": 7229.8111573325705
        },
        "http_req_waiting": {
            "max": 7.3403,
            "p(90)": 5.40895,
            "p(95)": 5.986365,
            "avg": 2.9838594999999994,
            "min": 0.5031,
            "med": 2.8653
        },
        "http_req_connecting": {
            "avg": 0.07215716666666666,
            "min": 0,
            "med": 0,
            "max": 1.547,
            "p(90)": 0,
            "p(95)": 0.9332649999999991
        },
        "http_reqs": {
            "count": 600,
            "rate": 29.999216420467096
        }
    }
}