{
    "metrics": {
        "data_sent": {
            "count": 159120,
            "rate": 7948.621056614513
        },
        "data_received": {
            "count": 681884,
            "rate": 34062.578686328125
        },
        "http_req_duration{expected_response:true}": {
            "med": 26.6002,
            "max": 50.5001,
            "p(90)": 33.44277,
            "p(95)": 35.72438,
            "avg": 22.43957479879273,
            "min": 0
        },
        "http_reqs": {
            "count": 2000,
            "rate": 99.90725309972993
        },
        "iteration_duration": {
            "avg": 22.425516499999986,
            "min": 0,
            "med": 26.6643,
            "max": 50.5001,
            "p(90)": 33.47710000000001,
            "p(95)": 35.733309999999996
        },
        "http_req_failed": {
            "passes": 12,
            "fails": 1988,
            "thresholds": {
                "rate<0.10": false
            },
            "value": 0.006
        },
        "http_req_duration": {
            "med": 26.58415,
            "max": 50.5001,
            "p(90)": 33.39912,
            "p(95)": 35.71526,
            "avg": 22.305728499999972,
            "min": 0
        },
        "http_req_connecting": {
            "min": 0,
            "med": 0,
            "max": 1.6589,
            "p(90)": 0,
            "p(95)": 0,
            "avg": 0.015365650000000003
        },
        "iterations": {
            "count": 2000,
            "rate": 99.90725309972993
        },
        "http_req_blocked": {
            "avg": 0.027910149999999995,
            "min": 0,
            "med": 0,
            "max": 10.9178,
            "p(90)": 0,
            "p(95)": 0
        },
        "http_req_waiting": {
            "max": 50.5001,
            "p(90)": 33.265370000000004,
            "p(95)": 35.71526,
            "avg": 22.18690014999997,
            "min": 0,
            "med": 26.4907
        },
        "http_req_receiving": {
            "avg": 0.10894130000000002,
            "min": 0,
            "med": 0,
            "max": 1.7419,
            "p(90)": 0.5227,
            "p(95)": 0.58478
        },
        "vus_max": {
            "value": 100,
            "min": 100,
            "max": 100
        },
        "http_req_sending": {
            "min": 0,
            "med": 0,
            "max": 0.7783,
            "p(90)": 0,
            "p(95)": 0,
            "avg": 0.00988705
        },
        "vus": {
            "min": 0,
            "max": 3,
            "value": 2
        },
        "http_req_tls_handshaking": {
            "p(90)": 0,
            "p(95)": 0,
            "avg": 0,
            "min": 0,
            "med": 0,
            "max": 0
        },
        "checks": {
            "passes": 3976,
            "fails": 24,
            "value": 0.994
        }
    },
    "root_group": {
        "path": "",
        "id": "d41d8cd98f00b204e9800998ecf8427e",
        "groups": {},
        "checks": {
                "status is 200": {
                    "passes": 1988,
                    "fails": 12,
                    "name": "status is 200",
                    "path": "::status is 200",
                    "id": "6210a8cd14cd70477eba5c5e4cb3fb5f"
                },
                "has status field": {
                    "passes": 1988,
                    "fails": 12,
                    "name": "has status field",
                    "path": "::has status field",
                    "id": "284cbdc4479f7c4119a0c0ed4944a6e1"
                }
            },
        "name": ""
    }
}