{
    "root_group": {
        "groups": {},
        "checks": {
                "status is 200": {
                    "id": "6210a8cd14cd70477eba5c5e4cb3fb5f",
                    "passes": 2001,
                    "fails": 0,
                    "name": "status is 200",
                    "path": "::status is 200"
                },
                "has status field": {
                    "name": "has status field",
                    "path": "::has status field",
                    "id": "284cbdc4479f7c4119a0c0ed4944a6e1",
                    "passes": 2001,
                    "fails": 0
                }
            },
        "name": "",
        "path": "",
        "id": "d41d8cd98f00b204e9800998ecf8427e"
    },
    "metrics": {
        "http_req_sending": {
            "avg": 0.003126536731634183,
            "min": 0,
            "med": 0,
            "max": 0.7911,
            "p(90)": 0,
            "p(95)": 0
        },
        "http_req_receiving": {
            "min": 0,
            "med": 0,
            "max": 1.0141,
            "p(90)": 0.5574,
            "p(95)": 0.6416,
            "avg": 0.11084457771114441
        },
        "iterations": {
            "count": 2001,
            "rate": 100.04447004191843
        },
        "vus": {
            "value": 0,
            "min": 0,
            "max": 0
        },
        "http_req_blocked": {
            "avg": 0.017370114942528735,
            "min": 0,
            "med": 0,
            "max": 9.7974,
            "p(90)": 0,
            "p(95)": 0
        },
        "http_reqs": {
            "count": 2001,
            "rate": 100.04447004191843
        },
        "data_received": {
            "rate": 36616.27603534215,
            "count": 732366
        },
        "http_req_failed": {
            "passes": 0,
            "fails": 2001,
            "thresholds": {
                "rate<0.10": false
            },
            "value": 0
        },
        "http_req_tls_handshaking": {
            "med": 0,
            "max": 0,
            "p(90)": 0,
            "p(95)": 0,
            "avg": 0,
            "min": 0
        },
        "http_req_waiting": {
            "max": 2.5247,
            "p(90)": 0.6745,
            "p(95)": 0.7351,
            "avg": 0.37787371314342844,
            "min": 0,
            "med": 0.5059
        },
        "http_req_duration{expected_response:true}": {
            "p(95)": 1.2315,
            "avg": 0.49184482758620685,
            "min": 0,
            "med": 0.5104,
            "max": 3.3723,
            "p(90)": 0.9492
        },
        "checks": {
            "passes": 4002,
            "fails": 0,
            "value": 1
        },
        "iteration_duration": {
            "med": 0.5943,
            "max": 11.4458,
            "p(90)": 1.0548,
            "p(95)": 1.3092,
            "avg": 0.6230368315842066,
            "min": 0
        },
        "http_req_connecting": {
            "avg": 0.011459770114942527,
            "min": 0,
            "med": 0,
            "max": 1.5415,
            "p(90)": 0,
            "p(95)": 0
        },
        "data_sent": {
            "count": 160080,
            "rate": 8003.557603353474
        },
        "http_req_duration": {
            "med": 0.5104,
            "max": 3.3723,
            "p(90)": 0.9492,
            "p(95)": 1.2315,
            "avg": 0.49184482758620685,
            "min": 0
        },
        "vus_max": {
            "value": 100,
            "min": 100,
            "max": 100
        }
    }
}