{
    "root_group": {
        "name": "",
        "path": "",
        "id": "d41d8cd98f00b204e9800998ecf8427e",
        "groups": {},
        "checks": {
                "status is 200": {
                    "name": "status is 200",
                    "path": "::status is 200",
                    "id": "6210a8cd14cd70477eba5c5e4cb3fb5f",
                    "passes": 150,
                    "fails": 0
                },
                "has sum": {
                    "fails": 0,
                    "name": "has sum",
                    "path": "::has sum",
                    "id": "8710474e05a01dc8091674224550be6c",
                    "passes": 150
                }
            }
    },
    "metrics": {
        "vus": {
            "value": 0,
            "min": 0,
            "max": 0
        },
        "http_req_sending": {
            "min": 0,
            "med": 0,
            "max": 1.001,
            "p(90)": 0,
            "p(95)": 0,
            "avg": 0.010901333333333332
        },
        "checks": {
            "passes": 300,
            "fails": 0,
            "value": 1
        },
        "iteration_duration": {
            "p(95)": 48.51681999999999,
            "avg": 41.48175533333331,
            "min": 25.2716,
            "med": 45.468199999999996,
            "max": 56.2395,
            "p(90)": 47.68021
        },
        "http_req_blocked": {
            "avg": 0.080904,
            "min": 0,
            "med": 0,
            "max": 9.9242,
            "p(90)": 0,
            "p(95)": 0
        },
        "http_req_waiting": {
            "avg": 41.058063333333315,
            "min": 24.8206,
            "med": 45.1268,
            "max": 55.2368,
            "p(90)": 47.53554,
            "p(95)": 48.00153
        },
        "http_req_tls_handshaking": {
            "avg": 0,
            "min": 0,
            "med": 0,
            "max": 0,
            "p(90)": 0,
            "p(95)": 0
        },
        "vus_max": {
            "min": 20,
            "max": 20,
            "value": 20
        },
        "iterations": {
            "count": 150,
            "rate": 9.999695875916094
        },
        "http_req_failed": {
            "passes": 0,
            "fails": 150,
            "thresholds": {
                "rate<0.10": false
            },
            "value": 0
        },
        "http_req_duration": {
            "p(95)": 48.00153,
            "avg": 41.22722533333331,
            "min": 24.8592,
            "med": 45.31215,
            "max": 55.2368,
            "p(90)": 47.68021
        },
        "http_req_receiving": {
            "min": 0,
            "med": 0,
            "max": 1.0188,
            "p(90)": 0.7359799999999996,
            "p(95)": 0.9595499999999995,
            "avg": 0.15826066666666666
        },
        "http_req_connecting": {
            "max": 0.6998,
            "p(90)": 0,
            "p(95)": 0,
            "avg": 0.008058,
            "min": 0,
            "med": 0
        },
        "http_req_duration{expected_response:true}": {
            "avg": 41.22722533333331,
            "min": 24.8592,
            "med": 45.31215,
            "max": 55.2368,
            "p(90)": 47.68021,
            "p(95)": 48.00153
        },
        "http_reqs": {
            "count": 150,
            "rate": 9.999695875916094
        },
        "data_sent": {
            "count": 22350,
            "rate": 1489.954685511498
        },
        "data_received": {
            "count": 38250,
            "rate": 2549.922448358604
        }
    }
}