{
    "metrics": {
        "vus_max": {
            "value": 100,
            "min": 100,
            "max": 100
        },
        "http_req_sending": {
            "p(90)": 0,
            "p(95)": 0,
            "avg": 0.0017897551224387808,
            "min": 0,
            "med": 0,
            "max": 0.5184
        },
        "data_received": {
            "rate": 34313.479144001176,
            "count": 686343
        },
        "http_req_tls_handshaking": {
            "med": 0,
            "max": 0,
            "p(90)": 0,
            "p(95)": 0,
            "avg": 0,
            "min": 0
        },
        "http_req_failed": {
            "passes": 0,
            "fails": 2001,
            "thresholds": {
                "rate<0.10": false
            },
            "value": 0
        },
        "http_reqs": {
            "count": 2001,
            "rate": 100.0392977959218
        },
        "data_sent": {
            "count": 160080,
            "rate": 8003.143823673743
        },
        "iteration_duration": {
            "avg": 0.43170824587706197,
            "min": 0,
            "med": 0.5097,
            "max": 16.4184,
            "p(90)": 0.6648,
            "p(95)": 0.8722
        },
        "http_req_duration{expected_response:true}": {
            "med": 0.5027,
            "max": 2.0585,
            "p(90)": 0.6421,
            "p(95)": 0.8081,
            "avg": 0.3025428285857072,
            "min": 0
        },
        "http_req_blocked": {
            "min": 0,
            "med": 0,
            "max": 12.8207,
            "p(90)": 0,
            "p(95)": 0,
            "avg": 0.010496201899050477
        },
        "http_req_duration": {
            "avg": 0.3025428285857072,
            "min": 0,
            "med": 0.5027,
            "max": 2.0585,
            "p(90)": 0.6421,
            "p(95)": 0.8081
        },
        "checks": {
            "passes": 4002,
            "fails": 0,
            "value": 1
        },
        "http_req_waiting": {
            "avg": 0.19704552723638172,
            "min": 0,
            "med": 0,
            "max": 1.5401,
            "p(90)": 0.5517,
            "p(95)": 0.6345
        },
        "vus": {
            "max": 0,
            "value": 0,
            "min": 0
        },
        "http_req_receiving": {
            "p(90)": 0.5104,
            "p(95)": 0.516,
            "avg": 0.10370754622688656,
            "min": 0,
            "med": 0,
            "max": 1.3533
        },
        "http_req_connecting": {
            "avg": 0.0015693153423288356,
            "min": 0,
            "med": 0,
            "max": 0.8212,
            "p(90)": 0,
            "p(95)": 0
        },
        "iterations": {
            "count": 2001,
            "rate": 100.0392977959218
        }
    },
    "root_group": {
        "name": "",
        "path": "",
        "id": "d41d8cd98f00b204e9800998ecf8427e",
        "groups": {},
        "checks": {
                "status is 200": {
                    "fails": 0,
                    "name": "status is 200",
                    "path": "::status is 200",
                    "id": "6210a8cd14cd70477eba5c5e4cb3fb5f",
                    "passes": 2001
                },
                "has status field": {
                    "path": "::has status field",
                    "id": "284cbdc4479f7c4119a0c0ed4944a6e1",
                    "passes": 2001,
                    "fails": 0,
                    "name": "has status field"
                }
            }
    }
}