{
    "metrics": {
        "http_reqs": {
            "count": 401,
            "rate": 20.04676345004099
        },
        "http_req_duration{expected_response:true}": {
            "med": 1.2609,
            "max": 11.9045,
            "p(90)": 2.0778,
            "p(95)": 3.5567,
            "avg": 1.422401246882791,
            "min": 0.5024
        },
        "http_req_failed": {
            "passes": 0,
            "fails": 401,
            "thresholds": {
                "rate<0.10": false
            },
            "value": 0
        },
        "iterations": {
            "count": 401,
            "rate": 20.04676345004099
        },
        "data_received": {
            "count": 135939,
            "rate": 6795.852809563896
        },
        "http_req_sending": {
            "avg": 0.012354364089775562,
            "min": 0,
            "med": 0,
            "max": 1.0243,
            "p(90)": 0,
            "p(95)": 0
        },
        "http_req_connecting": {
            "avg": 0.009106234413965087,
            "min": 0,
            "med": 0,
            "max": 0.895,
            "p(90)": 0,
            "p(95)": 0
        },
        "iteration_duration": {
            "avg": 1.6044346633416446,
            "min": 0.5061,
            "med": 1.3816,
            "max": 22.459,
            "p(90)": 2.1579,
            "p(95)": 3.5807
        },
        "http_req_waiting": {
            "p(95)": 2.9561,
            "avg": 1.098894264339152,
            "min": 0.5023,
            "med": 0.7093,
            "max": 11.385,
            "p(90)": 1.781
        },
        "data_sent": {
            "count": 80200,
            "rate": 4009.352690008198
        },
        "http_req_blocked": {
            "p(95)": 0,
            "avg": 0.03850997506234414,
            "min": 0,
            "med": 0,
            "max": 11.074,
            "p(90)": 0
        },
        "vus_max": {
            "value": 40,
            "min": 40,
            "max": 40
        },
        "http_req_tls_handshaking": {
            "max": 0,
            "p(90)": 0,
            "p(95)": 0,
            "avg": 0,
            "min": 0,
            "med": 0
        },
        "http_req_receiving": {
            "min": 0,
            "med": 0,
            "max": 1.0109,
            "p(90)": 0.824,
            "p(95)": 0.8965,
            "avg": 0.3111526184538653
        },
        "checks": {
            "passes": 802,
            "fails": 0,
            "value": 1
        },
        "vus": {
            "max": 0,
            "value": 0,
            "min": 0
        },
        "http_req_duration": {
            "avg": 1.422401246882791,
            "min": 0.5024,
            "med": 1.2609,
            "max": 11.9045,
            "p(90)": 2.0778,
            "p(95)": 3.5567
        }
    },
    "root_group": {
        "name": "",
        "path": "",
        "id": "d41d8cd98f00b204e9800998ecf8427e",
        "groups": {},
        "checks": {
                "status is 200": {
                    "name": "status is 200",
                    "path": "::status is 200",
                    "id": "6210a8cd14cd70477eba5c5e4cb3fb5f",
                    "passes": 401,
                    "fails": 0
                },
                "has hash": {
                    "path": "::has hash",
                    "id": "4fad9de81b8c318fd2fdd5e4304fb822",
                    "passes": 401,
                    "fails": 0,
                    "name": "has hash"
                }
            }
    }
}