{
    "root_group": {
        "path": "",
        "id": "d41d8cd98f00b204e9800998ecf8427e",
        "groups": {},
        "checks": {
                "status is 200": {
                    "path": "::status is 200",
                    "id": "6210a8cd14cd70477eba5c5e4cb3fb5f",
                    "passes": 2001,
                    "fails": 0,
                    "name": "status is 200"
                },
                "has hash": {
                    "path": "::has hash",
                    "id": "4fad9de81b8c318fd2fdd5e4304fb822",
                    "passes": 2001,
                    "fails": 0,
                    "name": "has hash"
                }
            },
        "name": ""
    },
    "metrics": {
        "http_req_sending": {
            "avg": 0.01204857571214393,
            "min": 0,
            "med": 0,
            "max": 1.0164,
            "p(90)": 0,
            "p(95)": 0
        },
        "checks": {
            "passes": 4002,
            "fails": 0,
            "value": 1
        },
        "http_req_blocked": {
            "avg": 0.03323498250874562,
            "min": 0,
            "med": 0,
            "max": 10.4422,
            "p(90)": 0,
            "p(95)": 0
        },
        "iteration_duration": {
            "avg": 1.1698322838580701,
            "min": 0,
            "med": 1.0829,
            "max": 13.4988,
            "p(90)": 1.8224,
            "p(95)": 2.2553
        },
        "iterations": {
            "count": 2001,
            "rate": 100.04196412923132
        },
        "http_req_duration{expected_response:true}": {
            "p(90)": 1.7044,
            "p(95)": 2.0767,
            "avg": 1.0823342828585705,
            "min": 0,
            "med": 1.0338,
            "max": 6.9407
        },
        "http_req_tls_handshaking": {
            "avg": 0,
            "min": 0,
            "med": 0,
            "max": 0,
            "p(90)": 0,
            "p(95)": 0
        },
        "data_received": {
            "count": 596298,
            "rate": 29812.505310510933
        },
        "http_req_duration": {
            "max": 6.9407,
            "p(90)": 1.7044,
            "p(95)": 2.0767,
            "avg": 1.0823342828585705,
            "min": 0,
            "med": 1.0338
        },
        "http_req_waiting": {
            "p(95)": 1.7213,
            "avg": 0.7742055972014003,
            "min": 0,
            "med": 0.6825,
            "max": 5.7269,
            "p(90)": 1.2249
        },
        "http_req_failed": {
            "fails": 2001,
            "passes": 0,
            "thresholds": {
                "rate<0.10": false
            },
            "value": 0
        },
        "http_req_connecting": {
            "avg": 0.022286256871564214,
            "min": 0,
            "med": 0,
            "max": 1.1399,
            "p(90)": 0,
            "p(95)": 0
        },
        "http_req_receiving": {
            "min": 0,
            "med": 0.3008,
            "max": 1.5311,
            "p(90)": 0.7545,
            "p(95)": 0.8783,
            "avg": 0.29608010994502765
        },
        "vus": {
            "value": 0,
            "min": 0,
            "max": 1
        },
        "http_reqs": {
            "count": 2001,
            "rate": 100.04196412923132
        },
        "vus_max": {
            "min": 200,
            "max": 200,
            "value": 200
        },
        "data_sent": {
            "count": 400200,
            "rate": 20008.392825846262
        }
    }
}