{
    "metrics": {
        "vus_max": {
            "value": 200,
            "min": 200,
            "max": 200
        },
        "http_req_duration{expected_response:true}": {
            "avg": 302.0262352323841,
            "min": 299.3001,
            "med": 300.7273,
            "max": 317.3055,
            "p(90)": 308.5668,
            "p(95)": 310.0763
        },
        "http_req_connecting": {
            "p(90)": 0,
            "p(95)": 0,
            "avg": 0.005784657671164416,
            "min": 0,
            "med": 0,
            "max": 1.0309
        },
        "http_req_duration": {
            "min": 299.3001,
            "med": 300.7273,
            "max": 317.3055,
            "p(90)": 308.5668,
            "p(95)": 310.0763,
            "avg": 302.0262352323841
        },
        "data_sent": {
            "count": 190095,
            "rate": 9352.676830868222
        },
        "http_req_failed": {
            "passes": 0,
            "fails": 2001,
            "thresholds": {
                "rate<0.05": false
            },
            "value": 0
        },
        "http_req_sending": {
            "p(95)": 0,
            "avg": 0.003316591704147926,
            "min": 0,
            "med": 0,
            "max": 0.7693,
            "p(90)": 0
        },
        "http_req_waiting": {
            "med": 300.6689,
            "max": 316.7935,
            "p(90)": 308.4844,
            "p(95)": 309.9894,
            "avg": 301.94499340329895,
            "min": 299.3001
        },
        "iteration_duration": {
            "avg": 312.44007511244365,
            "min": 309.698,
            "med": 311.1305,
            "max": 337.9036,
            "p(90)": 319.1727,
            "p(95)": 320.5651
        },
        "http_req_blocked": {
            "avg": 0.013511194402798597,
            "min": 0,
            "med": 0,
            "max": 10.2774,
            "p(90)": 0,
            "p(95)": 0
        },
        "http_req_tls_handshaking": {
            "avg": 0,
            "min": 0,
            "med": 0,
            "max": 0,
            "p(90)": 0,
            "p(95)": 0
        },
        "data_received": {
            "count": 534267,
            "rate": 26285.944356229636
        },
        "http_req_receiving": {
            "p(95)": 0.5682,
            "avg": 0.07792523738130934,
            "min": 0,
            "med": 0,
            "max": 1.3121,
            "p(90)": 0.5031
        },
        "vus": {
            "max": 32,
            "value": 31,
            "min": 31
        },
        "http_reqs": {
            "count": 2001,
            "rate": 98.44922979861288
        },
        "iterations": {
            "count": 2001,
            "rate": 98.44922979861288
        },
        "checks": {
            "passes": 2001,
            "fails": 2001,
            "value": 0.5
        }
    },
    "root_group": {
        "name": "",
        "path": "",
        "id": "d41d8cd98f00b204e9800998ecf8427e",
        "groups": {},
        "checks": {
                "status is 200": {
                    "fails": 0,
                    "name": "status is 200",
                    "path": "::status is 200",
                    "id": "6210a8cd14cd70477eba5c5e4cb3fb5f",
                    "passes": 2001
                },
                "simulated io": {
                    "name": "simulated io",
                    "path": "::simulated io",
                    "id": "930dc4eba98b86666f0b86a463d84734",
                    "passes": 0,
                    "fails": 2001
                }
            }
    }
}