{
    "root_group": {
        "name": "",
        "path": "",
        "id": "d41d8cd98f00b204e9800998ecf8427e",
        "groups": {},
        "checks": {
                "status is 200": {
                    "fails": 0,
                    "name": "status is 200",
                    "path": "::status is 200",
                    "id": "6210a8cd14cd70477eba5c5e4cb3fb5f",
                    "passes": 601
                },
                "has checksum": {
                    "passes": 601,
                    "fails": 0,
                    "name": "has checksum",
                    "path": "::has checksum",
                    "id": "3ab5abdfefc88e5b5ad0aaeaccf38dfe"
                }
            }
    },
    "metrics": {
        "checks": {
            "passes": 1202,
            "fails": 0,
            "value": 1
        },
        "http_req_waiting": {
            "avg": 8.191357071547426,
            "min": 5.5072,
            "med": 7.5563,
            "max": 33.4633,
            "p(90)": 9.48,
            "p(95)": 10.6271
        },
        "http_req_blocked": {
            "p(95)": 0.504,
            "avg": 0.06984475873544094,
            "min": 0,
            "med": 0,
            "max": 10.7712,
            "p(90)": 0
        },
        "vus": {
            "min": 0,
            "max": 1,
            "value": 0
        },
        "data_received": {
            "count": 2224902,
            "rate": 111011.44920733811
        },
        "http_req_failed": {
            "passes": 0,
            "fails": 601,
            "thresholds": {
                "rate<0.10": false
            },
            "value": 0
        },
        "http_req_sending": {
            "avg": 4.504314143094841,
            "min": 0.5043,
            "med": 1.5246,
            "max": 34.9472,
            "p(90)": 16.4727,
            "p(95)": 21.4412
        },
        "iterations": {
            "rate": 29.98688525319776,
            "count": 601
        },
        "iteration_duration": {
            "avg": 13.24094908485856,
            "min": 7.4337,
            "med": 9.4928,
            "max": 58.4384,
            "p(90)": 26.9072,
            "p(95)": 32.8999
        },
        "http_req_receiving": {
            "avg": 0.29583926788685533,
            "min": 0,
            "med": 0,
            "max": 1.5238,
            "p(90)": 0.8604,
            "p(95)": 0.9452
        },
        "http_req_duration{expected_response:true}": {
            "p(95)": 32.1288,
            "avg": 12.991510482529108,
            "min": 7.1442,
            "med": 9.2721,
            "max": 58.4384,
            "p(90)": 26.9072
        },
        "http_req_connecting": {
            "med": 0,
            "max": 0.9537,
            "p(90)": 0,
            "p(95)": 0.502,
            "avg": 0.04739700499168055,
            "min": 0
        },
        "http_req_tls_handshaking": {
            "min": 0,
            "med": 0,
            "max": 0,
            "p(90)": 0,
            "p(95)": 0,
            "avg": 0
        },
        "data_sent": {
            "count": 977816182,
            "rate": 48788122.5430182
        },
        "http_reqs": {
            "count": 601,
            "rate": 29.98688525319776
        },
        "http_req_duration": {
            "p(95)": 32.1288,
            "avg": 12.991510482529108,
            "min": 7.1442,
            "med": 9.2721,
            "max": 58.4384,
            "p(90)": 26.9072
        },
        "vus_max": {
            "value": 60,
            "min": 60,
            "max": 60
        }
    }
}