{
    "root_group": {
        "name": "",
        "path": "",
        "id": "d41d8cd98f00b204e9800998ecf8427e",
        "groups": {},
        "checks": {
                "status is 200": {
                    "id": "6210a8cd14cd70477eba5c5e4cb3fb5f",
                    "passes": 301,
                    "fails": 0,
                    "name": "status is 200",
                    "path": "::status is 200"
                },
                "has hash": {
                    "id": "4fad9de81b8c318fd2fdd5e4304fb822",
                    "passes": 301,
                    "fails": 0,
                    "name": "has hash",
                    "path": "::has hash"
                }
            }
    },
    "metrics": {
        "iterations": {
            "count": 301,
            "rate": 20.065791798144268
        },
        "http_req_waiting": {
            "avg": 0.44592990033222596,
            "min": 0,
            "med": 0.5134,
            "max": 1.552,
            "p(90)": 0.5871,
            "p(95)": 0.6251
        },
        "data_received": {
            "count": 102039,
            "rate": 6802.303419570906
        },
        "vus": {
            "value": 0,
            "min": 0,
            "max": 0
        },
        "http_req_failed": {
            "passes": 0,
            "fails": 301,
            "thresholds": {
                "rate<0.10": false
            },
            "value": 0
        },
        "http_reqs": {
            "count": 301,
            "rate": 20.065791798144268
        },
        "http_req_duration": {
            "med": 0.5142,
            "max": 1.552,
            "p(90)": 0.5924,
            "p(95)": 0.6898,
            "avg": 0.4844186046511627,
            "min": 0
        },
        "iteration_duration": {
            "med": 0.5156,
            "max": 12.2973,
            "p(90)": 1.0299,
            "p(95)": 1.0852,
            "avg": 0.6041584717607973,
            "min": 0
        },
        "http_req_tls_handshaking": {
            "p(90)": 0,
            "p(95)": 0,
            "avg": 0,
            "min": 0,
            "med": 0,
            "max": 0
        },
        "http_req_sending": {
            "min": 0,
            "med": 0,
            "max": 0.6216,
            "p(90)": 0,
            "p(95)": 0,
            "avg": 0.0020651162790697674
        },
        "http_req_blocked": {
            "avg": 0.047074418604651176,
            "min": 0,
            "med": 0,
            "max": 10.7453,
            "p(90)": 0,
            "p(95)": 0
        },
        "http_req_connecting": {
            "min": 0,
            "med": 0,
            "max": 0.6057,
            "p(90)": 0,
            "p(95)": 0,
            "avg": 0.011017607973421927
        },
        "http_req_duration{expected_response:true}": {
            "avg": 0.4844186046511627,
            "min": 0,
            "med": 0.5142,
            "max": 1.552,
            "p(90)": 0.5924,
            "p(95)": 0.6898
        },
        "vus_max": {
            "value": 40,
            "min": 40,
            "max": 40
        },
        "http_req_receiving": {
            "avg": 0.0364235880398671,
            "min": 0,
            "med": 0,
            "max": 0.5924,
            "p(90)": 0,
            "p(95)": 0.5088
        },
        "checks": {
            "passes": 602,
            "fails": 0,
            "value": 1
        },
        "data_sent": {
            "count": 60200,
            "rate": 4013.1583596288533
        }
    }
}