{
    "root_group": {
        "name": "",
        "path": "",
        "id": "d41d8cd98f00b204e9800998ecf8427e",
        "groups": {},
        "checks": {
                "status is 200": {
                    "name": "status is 200",
                    "path": "::status is 200",
                    "id": "6210a8cd14cd70477eba5c5e4cb3fb5f",
                    "passes": 278,
                    "fails": 23
                },
                "has hash": {
                    "fails": 23,
                    "name": "has hash",
                    "path": "::has hash",
                    "id": "4fad9de81b8c318fd2fdd5e4304fb822",
                    "passes": 278
                }
            }
    },
    "metrics": {
        "http_req_tls_handshaking": {
            "p(90)": 0,
            "p(95)": 0,
            "avg": 0,
            "min": 0,
            "med": 0,
            "max": 0
        },
        "http_req_sending": {
            "p(95)": 0,
            "avg": 0,
            "min": 0,
            "med": 0,
            "max": 0,
            "p(90)": 0
        },
        "iteration_duration": {
            "max": 18.3649,
            "p(90)": 1.0209,
            "p(95)": 1.5103,
            "avg": 0.7305086378737544,
            "min": 0,
            "med": 0.5085
        },
        "http_req_failed": {
            "passes": 23,
            "fails": 278,
            "thresholds": {
                "rate<0.10": false
            },
            "value": 0.07641196013289037
        },
        "checks": {
            "passes": 556,
            "fails": 46,
            "value": 0.9235880398671097
        },
        "http_reqs": {
            "count": 301,
            "rate": 20.065412979663698
        },
        "http_req_receiving": {
            "avg": 0.0792777408637874,
            "min": 0,
            "med": 0,
            "max": 0.906,
            "p(90)": 0.5063,
            "p(95)": 0.5098
        },
        "http_req_duration{expected_response:true}": {
            "avg": 0.5492884892086332,
            "min": 0,
            "med": 0.5079,
            "max": 17.6647,
            "p(90)": 0.6914000000000003,
            "p(95)": 1.1525949999999958
        },
        "http_req_blocked": {
            "p(95)": 0,
            "avg": 0.04429568106312293,
            "min": 0,
            "med": 0,
            "max": 11.0004,
            "p(90)": 0
        },
        "http_req_connecting": {
            "avg": 0.009437873754152825,
            "min": 0,
            "med": 0,
            "max": 0.7901,
            "p(90)": 0,
            "p(95)": 0
        },
        "http_req_waiting": {
            "p(95)": 1.0381,
            "avg": 0.42803853820597987,
            "min": 0,
            "med": 0.506,
            "max": 17.1897,
            "p(90)": 0.6023
        },
        "data_received": {
            "count": 94242,
            "rate": 6282.407475180951
        },
        "vus_max": {
            "value": 40,
            "min": 40,
            "max": 40
        },
        "data_sent": {
            "count": 55600,
            "rate": 3706.435088602331
        },
        "http_req_duration": {
            "min": 0,
            "med": 0.5074,
            "max": 17.6647,
            "p(90)": 0.6584,
            "p(95)": 1.1133,
            "avg": 0.5073162790697675
        },
        "iterations": {
            "count": 301,
            "rate": 20.065412979663698
        },
        "vus": {
            "value": 0,
            "min": 0,
            "max": 0
        }
    }
}