{
    "root_group": {
        "name": "",
        "path": "",
        "id": "d41d8cd98f00b204e9800998ecf8427e",
        "groups": {},
        "checks": {
                "status is 200": {
                    "name": "status is 200",
                    "path": "::status is 200",
                    "id": "6210a8cd14cd70477eba5c5e4cb3fb5f",
                    "passes": 0,
                    "fails": 400
                },
                "has hash": {
                    "path": "::has hash",
                    "id": "4fad9de81b8c318fd2fdd5e4304fb822",
                    "passes": 400,
                    "fails": 0,
                    "name": "has hash"
                }
            }
    },
    "metrics": {
        "data_sent": {
            "count": 80000,
            "rate": 3999.917681694111
        },
        "http_req_connecting": {
            "avg": 0.06470449999999997,
            "min": 0,
            "med": 0,
            "max": 2.0227,
            "p(90)": 0,
            "p(95)": 0.8530599999999969
        },
        "iteration_duration": {
            "avg": 1.4916717500000005,
            "min": 0,
            "med": 1.2450999999999999,
            "max": 22.187,
            "p(90)": 2.0008900000000005,
            "p(95)": 3.620294999999998
        },
        "http_reqs": {
            "count": 400,
            "rate": 19.999588408470554
        },
        "vus_max": {
            "max": 40,
            "value": 40,
            "min": 40
        },
        "iterations": {
            "count": 400,
            "rate": 19.999588408470554
        },
        "http_req_failed": {
            "passes": 0,
            "fails": 400,
            "thresholds": {
                "rate<0.10": false
            },
            "value": 0
        },
        "http_req_blocked": {
            "avg": 0.09657125000000003,
            "min": 0,
            "med": 0,
            "max": 10.2744,
            "p(90)": 0,
            "p(95)": 0.9308899999999988
        },
        "http_req_duration{expected_response:true}": {
            "avg": 1.3605895000000006,
            "min": 0,
            "med": 1.2053500000000001,
            "max": 11.9126,
            "p(90)": 1.8349400000000013,
            "p(95)": 2.7278599999999997
        },
        "http_req_sending": {
            "p(95)": 0,
            "avg": 0.00596225,
            "min": 0,
            "med": 0,
            "max": 0.7785,
            "p(90)": 0
        },
        "http_req_receiving": {
            "avg": 0.36982400000000015,
            "min": 0,
            "med": 0.3698,
            "max": 4.7059,
            "p(90)": 0.79244,
            "p(95)": 0.8962499999999997
        },
        "http_req_tls_handshaking": {
            "avg": 0,
            "min": 0,
            "med": 0,
            "max": 0,
            "p(90)": 0,
            "p(95)": 0
        },
        "data_received": {
            "rate": 7339.848945908693,
            "count": 146800
        },
        "checks": {
            "passes": 400,
            "fails": 400,
            "value": 0.5
        },
        "vus": {
            "max": 0,
            "value": 0,
            "min": 0
        },
        "http_req_duration": {
            "p(95)": 2.7278599999999997,
            "avg": 1.3605895000000006,
            "min": 0,
            "med": 1.2053500000000001,
            "max": 11.9126,
            "p(90)": 1.8349400000000013
        },
        "http_req_waiting": {
            "p(90)": 1.6970500000000002,
            "p(95)": 2.6953249999999995,
            "avg": 0.9848032500000007,
            "min": 0,
            "med": 0.67225,
            "max": 11.9126
        }
    }
}