{
    "metrics": {
        "checks": {
            "passes": 302,
            "fails": 0,
            "value": 1
        },
        "http_req_connecting": {
            "med": 0,
            "max": 0.6188,
            "p(90)": 0,
            "p(95)": 0,
            "avg": 0.00975496688741722,
            "min": 0
        },
        "iterations": {
            "count": 151,
            "rate": 10.064571491270758
        },
        "http_req_failed": {
            "passes": 0,
            "fails": 151,
            "thresholds": {
                "rate<0.10": false
            },
            "value": 0
        },
        "http_req_blocked": {
            "p(95)": 0,
            "avg": 0.09422582781456953,
            "min": 0,
            "med": 0,
            "max": 12.1238,
            "p(90)": 0
        },
        "http_req_waiting": {
            "p(90)": 43.1086,
            "p(95)": 48.53365,
            "avg": 30.675465562913917,
            "min": 0.7333,
            "med": 35.4141,
            "max": 69.7588
        },
        "http_req_sending": {
            "avg": 0.0075509933774834444,
            "min": 0,
            "med": 0,
            "max": 0.6313,
            "p(90)": 0,
            "p(95)": 0
        },
        "data_sent": {
            "count": 22499,
            "rate": 1499.621152199343
        },
        "data_received": {
            "count": 42582,
            "rate": 2838.2091605383534
        },
        "http_req_duration": {
            "avg": 30.88686092715233,
            "min": 1.1303,
            "med": 35.5939,
            "max": 69.7588,
            "p(90)": 43.1086,
            "p(95)": 48.7881
        },
        "http_reqs": {
            "count": 151,
            "rate": 10.064571491270758
        },
        "http_req_tls_handshaking": {
            "p(95)": 0,
            "avg": 0,
            "min": 0,
            "med": 0,
            "max": 0,
            "p(90)": 0
        },
        "iteration_duration": {
            "min": 1.1303,
            "med": 35.8565,
            "max": 69.7588,
            "p(90)": 43.5589,
            "p(95)": 48.7881,
            "avg": 31.13950066225167
        },
        "http_req_duration{expected_response:true}": {
            "med": 35.5939,
            "max": 69.7588,
            "p(90)": 43.1086,
            "p(95)": 48.7881,
            "avg": 30.88686092715233,
            "min": 1.1303
        },
        "http_req_receiving": {
            "avg": 0.20384437086092713,
            "min": 0,
            "med": 0,
            "max": 1.0018,
            "p(90)": 0.7466,
            "p(95)": 0.9186
        },
        "vus": {
            "value": 0,
            "min": 0,
            "max": 0
        },
        "vus_max": {
            "min": 20,
            "max": 20,
            "value": 20
        }
    },
    "root_group": {
        "groups": {},
        "checks": {
                "status is 200": {
                    "name": "status is 200",
                    "path": "::status is 200",
                    "id": "6210a8cd14cd70477eba5c5e4cb3fb5f",
                    "passes": 151,
                    "fails": 0
                },
                "has sum": {
                    "id": "8710474e05a01dc8091674224550be6c",
                    "passes": 151,
                    "fails": 0,
                    "name": "has sum",
                    "path": "::has sum"
                }
            },
        "name": "",
        "path": "",
        "id": "d41d8cd98f00b204e9800998ecf8427e"
    }
}