{
    "metrics": {
        "http_req_blocked": {
            "p(95)": 0,
            "avg": 0.06564527363184079,
            "min": 0,
            "med": 0,
            "max": 9.8084,
            "p(90)": 0
        },
        "http_req_connecting": {
            "p(95)": 0,
            "avg": 0.019422885572139302,
            "min": 0,
            "med": 0,
            "max": 0.5194,
            "p(90)": 0
        },
        "http_req_sending": {
            "min": 0,
            "med": 0,
            "max": 0,
            "p(90)": 0,
            "p(95)": 0,
            "avg": 0
        },
        "data_sent": {
            "count": 29949,
            "rate": 1494.333313837329
        },
        "http_req_failed": {
            "passes": 0,
            "fails": 201,
            "thresholds": {
                "rate<0.10": false
            },
            "value": 0
        },
        "http_req_waiting": {
            "avg": 39.59369502487565,
            "min": 24.052,
            "med": 42.5282,
            "max": 56.1439,
            "p(90)": 48.4425,
            "p(95)": 50.0477
        },
        "iteration_duration": {
            "avg": 40.10738905472639,
            "min": 24.052,
            "med": 43.0373,
            "max": 56.1439,
            "p(90)": 49.0578,
            "p(95)": 50.7687
        },
        "iterations": {
            "count": 201,
            "rate": 10.02908264320355
        },
        "http_req_receiving": {
            "avg": 0.229971144278607,
            "min": 0,
            "med": 0,
            "max": 1.5035,
            "p(90)": 0.9033,
            "p(95)": 0.9996
        },
        "checks": {
            "passes": 402,
            "fails": 0,
            "value": 1
        },
        "data_received": {
            "count": 59496,
            "rate": 2968.6084623882507
        },
        "vus": {
            "value": 0,
            "min": 0,
            "max": 0
        },
        "http_reqs": {
            "count": 201,
            "rate": 10.02908264320355
        },
        "http_req_tls_handshaking": {
            "avg": 0,
            "min": 0,
            "med": 0,
            "max": 0,
            "p(90)": 0,
            "p(95)": 0
        },
        "vus_max": {
            "min": 20,
            "max": 20,
            "value": 20
        },
        "http_req_duration": {
            "avg": 39.82366616915425,
            "min": 24.052,
            "med": 42.6795,
            "max": 56.1439,
            "p(90)": 48.7935,
            "p(95)": 50.3726
        },
        "http_req_duration{expected_response:true}": {
            "avg": 39.82366616915425,
            "min": 24.052,
            "med": 42.6795,
            "max": 56.1439,
            "p(90)": 48.7935,
            "p(95)": 50.3726
        }
    },
    "root_group": {
        "name": "",
        "path": "",
        "id": "d41d8cd98f00b204e9800998ecf8427e",
        "groups": {},
        "checks": {
                "status is 200": {
                    "name": "status is 200",
                    "path": "::status is 200",
                    "id": "6210a8cd14cd70477eba5c5e4cb3fb5f",
                    "passes": 201,
                    "fails": 0
                },
                "has sum": {
                    "name": "has sum",
                    "path": "::has sum",
                    "id": "8710474e05a01dc8091674224550be6c",
                    "passes": 201,
                    "fails": 0
                }
            }
    }
}