{
    "metrics": {
        "iteration_duration": {
            "avg": 1.9437527454242955,
            "min": 0.51,
            "med": 1.6867,
            "max": 24.791,
            "p(90)": 2.5681,
            "p(95)": 2.82
        },
        "data_received": {
            "count": 186310,
            "rate": 9314.589638581674
        },
        "http_reqs": {
            "count": 601,
            "rate": 30.047063350263464
        },
        "http_req_receiving": {
            "med": 0,
            "max": 1.0163,
            "p(90)": 0.8864,
            "p(95)": 0.9334,
            "avg": 0.28813311148086534,
            "min": 0
        },
        "http_req_duration{expected_response:true}": {
            "p(95)": 2.7024,
            "avg": 1.8926384359401016,
            "min": 0.51,
            "med": 1.68,
            "max": 13.8845,
            "p(90)": 2.513
        },
        "http_req_blocked": {
            "avg": 0.03448668885191348,
            "min": 0,
            "med": 0,
            "max": 9.903,
            "p(90)": 0,
            "p(95)": 0
        },
        "http_req_sending": {
            "avg": 0.00708602329450915,
            "min": 0,
            "med": 0,
            "max": 0.6685,
            "p(90)": 0,
            "p(95)": 0
        },
        "vus_max": {
            "min": 60,
            "max": 60,
            "value": 60
        },
        "http_req_duration": {
            "p(90)": 2.513,
            "p(95)": 2.7024,
            "avg": 1.8926384359401016,
            "min": 0.51,
            "med": 1.68,
            "max": 13.8845
        },
        "vus": {
            "value": 0,
            "min": 0,
            "max": 0
        },
        "http_req_connecting": {
            "avg": 0.01525241264559068,
            "min": 0,
            "med": 0,
            "max": 1,
            "p(90)": 0,
            "p(95)": 0
        },
        "checks": {
            "passes": 601,
            "fails": 601,
            "value": 0.5
        },
        "http_req_tls_handshaking": {
            "avg": 0,
            "min": 0,
            "med": 0,
            "max": 0,
            "p(90)": 0,
            "p(95)": 0
        },
        "data_sent": {
            "count": 89549,
            "rate": 4477.012439189256
        },
        "iterations": {
            "count": 601,
            "rate": 30.047063350263464
        },
        "http_req_failed": {
            "passes": 0,
            "fails": 601,
            "thresholds": {
                "rate<0.10": false
            },
            "value": 0
        },
        "http_req_waiting": {
            "max": 13.3795,
            "p(90)": 2.0459,
            "p(95)": 2.5792,
            "avg": 1.597419301164726,
            "min": 0.502,
            "med": 1.5539
        }
    },
    "root_group": {
        "name": "",
        "path": "",
        "id": "d41d8cd98f00b204e9800998ecf8427e",
        "groups": {},
        "checks": {
                "status is 200": {
                    "name": "status is 200",
                    "path": "::status is 200",
                    "id": "6210a8cd14cd70477eba5c5e4cb3fb5f",
                    "passes": 0,
                    "fails": 601
                },
                "has sum": {
                    "name": "has sum",
                    "path": "::has sum",
                    "id": "8710474e05a01dc8091674224550be6c",
                    "passes": 601,
                    "fails": 0
                }
            }
    }
}