{
    "metrics": {
        "http_req_waiting": {
            "max": 4.3954,
            "p(90)": 0.6025400000000003,
            "p(95)": 0.7148649999999999,
            "avg": 0.19294953333333326,
            "min": 0,
            "med": 0
        },
        "http_req_failed": {
            "passes": 0,
            "fails": 1500,
            "thresholds": {
                "rate<0.10": false
            },
            "value": 0
        },
        "http_req_blocked": {
            "avg": 0.0114558,
            "min": 0,
            "med": 0,
            "max": 10.3705,
            "p(90)": 0,
            "p(95)": 0
        },
        "http_reqs": {
            "rate": 99.99700542301093,
            "count": 1500
        },
        "iteration_duration": {
            "p(95)": 1.01385,
            "avg": 0.3405317333333333,
            "min": 0,
            "med": 0,
            "max": 10.8786,
            "p(90)": 0.7900500000000003
        },
        "iterations": {
            "count": 1500,
            "rate": 99.99700542301093
        },
        "vus": {
            "value": 0,
            "min": 0,
            "max": 0
        },
        "vus_max": {
            "min": 100,
            "max": 100,
            "value": 100
        },
        "data_received": {
            "rate": 30199.095637749302,
            "count": 453000
        },
        "http_req_sending": {
            "max": 0.6662,
            "p(90)": 0,
            "p(95)": 0,
            "avg": 0.0021482666666666666,
            "min": 0,
            "med": 0
        },
        "checks": {
            "passes": 3000,
            "fails": 0,
            "value": 1
        },
        "http_req_duration{expected_response:true}": {
            "avg": 0.24764966666666646,
            "min": 0,
            "med": 0,
            "max": 4.9102,
            "p(90)": 0.6691300000000003,
            "p(95)": 0.8570799999999998
        },
        "http_req_receiving": {
            "min": 0,
            "med": 0,
            "max": 1.0807,
            "p(90)": 0,
            "p(95)": 0.512205,
            "avg": 0.052551866666666634
        },
        "http_req_connecting": {
            "avg": 0.0035163333333333336,
            "min": 0,
            "med": 0,
            "max": 0.5902,
            "p(90)": 0,
            "p(95)": 0
        },
        "http_req_duration": {
            "p(90)": 0.6691300000000003,
            "p(95)": 0.8570799999999998,
            "avg": 0.24764966666666646,
            "min": 0,
            "med": 0,
            "max": 4.9102
        },
        "data_sent": {
            "count": 120000,
            "rate": 7999.760433840875
        },
        "http_req_tls_handshaking": {
            "p(95)": 0,
            "avg": 0,
            "min": 0,
            "med": 0,
            "max": 0,
            "p(90)": 0
        }
    },
    "root_group": {
        "path": "",
        "id": "d41d8cd98f00b204e9800998ecf8427e",
        "groups": {},
        "checks": {
                "status is 200": {
                    "passes": 1500,
                    "fails": 0,
                    "name": "status is 200",
                    "path": "::status is 200",
                    "id": "6210a8cd14cd70477eba5c5e4cb3fb5f"
                },
                "has status field": {
                    "id": "284cbdc4479f7c4119a0c0ed4944a6e1",
                    "passes": 1500,
                    "fails": 0,
                    "name": "has status field",
                    "path": "::has status field"
                }
            },
        "name": ""
    }
}