{
    "metrics": {
        "data_received": {
            "count": 452226,
            "rate": 22253.298064589097
        },
        "http_req_tls_handshaking": {
            "max": 0,
            "p(90)": 0,
            "p(95)": 0,
            "avg": 0,
            "min": 0,
            "med": 0
        },
        "iteration_duration": {
            "avg": 312.5998723638185,
            "min": 309.4001,
            "med": 311.2454,
            "max": 328.7662,
            "p(90)": 319.8399,
            "p(95)": 320.6046
        },
        "http_req_duration{expected_response:true}": {
            "avg": 302.10523713143465,
            "min": 299.3158,
            "med": 300.7757,
            "max": 316.839,
            "p(90)": 309.2655,
            "p(95)": 310.134
        },
        "http_req_connecting": {
            "avg": 0.038604897551224406,
            "min": 0,
            "med": 0,
            "max": 1.3767,
            "p(90)": 0,
            "p(95)": 0.3448
        },
        "vus_max": {
            "value": 200,
            "min": 200,
            "max": 200
        },
        "http_req_failed": {
            "passes": 0,
            "fails": 2001,
            "thresholds": {
                "rate<0.05": false
            },
            "value": 0
        },
        "http_req_waiting": {
            "avg": 301.9739056971518,
            "min": 299.3158,
            "med": 300.659,
            "max": 315.9684,
            "p(90)": 309.1287,
            "p(95)": 309.9285
        },
        "iterations": {
            "count": 2001,
            "rate": 98.46592063977477
        },
        "http_req_receiving": {
            "avg": 0.11894022988505755,
            "min": 0,
            "med": 0,
            "max": 1.509,
            "p(90)": 0.5739,
            "p(95)": 0.6991
        },
        "checks": {
            "fails": 2001,
            "passes": 2001,
            "value": 0.5
        },
        "http_reqs": {
            "count": 2001,
            "rate": 98.46592063977477
        },
        "http_req_blocked": {
            "p(95)": 0.5079,
            "avg": 0.053206946526736625,
            "min": 0,
            "med": 0,
            "max": 10.2708,
            "p(90)": 0
        },
        "data_sent": {
            "count": 190095,
            "rate": 9354.262460778602
        },
        "vus": {
            "value": 31,
            "min": 31,
            "max": 32
        },
        "http_req_duration": {
            "avg": 302.10523713143465,
            "min": 299.3158,
            "med": 300.7757,
            "max": 316.839,
            "p(90)": 309.2655,
            "p(95)": 310.134
        },
        "http_req_sending": {
            "min": 0,
            "med": 0,
            "max": 1.0157,
            "p(90)": 0,
            "p(95)": 0,
            "avg": 0.012391204397801097
        }
    },
    "root_group": {
        "path": "",
        "id": "d41d8cd98f00b204e9800998ecf8427e",
        "groups": {},
        "checks": {
                "status is 200": {
                    "id": "6210a8cd14cd70477eba5c5e4cb3fb5f",
                    "passes": 2001,
                    "fails": 0,
                    "name": "status is 200",
                    "path": "::status is 200"
                },
                "simulated io": {
                    "id": "930dc4eba98b86666f0b86a463d84734",
                    "passes": 0,
                    "fails": 2001,
                    "name": "simulated io",
                    "path": "::simulated io"
                }
            },
        "name": ""
    }
}