{
    "metrics": {
        "iteration_duration": {
            "avg": 312.68985649566986,
            "min": 309.4083,
            "med": 311.252,
            "max": 328.7679,
            "p(90)": 319.4597,
            "p(95)": 320.498
        },
        "iterations": {
            "count": 1501,
            "rate": 98.00609633177872
        },
        "http_req_waiting": {
            "max": 315.6229,
            "p(90)": 308.5956,
            "p(95)": 309.7717,
            "avg": 302.0382037974683,
            "min": 299.2144,
            "med": 300.6284
        },
        "http_req_duration": {
            "max": 315.6229,
            "p(90)": 308.7532,
            "p(95)": 309.8996,
            "avg": 302.14135629580295,
            "min": 299.2144,
            "med": 300.7221
        },
        "data_received": {
            "count": 339226,
            "rate": 22149.37777098199
        },
        "data_sent": {
            "count": 142595,
            "rate": 9310.57915151898
        },
        "checks": {
            "fails": 1501,
            "passes": 1501,
            "value": 0.5
        },
        "http_req_receiving": {
            "p(95)": 0.6677,
            "avg": 0.09205369753497669,
            "min": 0,
            "med": 0,
            "max": 1.3008,
            "p(90)": 0.5172
        },
        "http_req_blocked": {
            "med": 0,
            "max": 9.7623,
            "p(90)": 0,
            "p(95)": 0,
            "avg": 0.024459427048634234,
            "min": 0
        },
        "http_req_connecting": {
            "p(90)": 0,
            "p(95)": 0,
            "avg": 0.010377081945369753,
            "min": 0,
            "med": 0,
            "max": 0.7484
        },
        "http_req_sending": {
            "min": 0,
            "med": 0,
            "max": 1.0264,
            "p(90)": 0,
            "p(95)": 0,
            "avg": 0.011098800799467023
        },
        "http_req_failed": {
            "passes": 0,
            "fails": 1501,
            "thresholds": {
                "rate<0.05": false
            },
            "value": 0
        },
        "http_reqs": {
            "count": 1501,
            "rate": 98.00609633177872
        },
        "http_req_duration{expected_response:true}": {
            "max": 315.6229,
            "p(90)": 308.7532,
            "p(95)": 309.8996,
            "avg": 302.14135629580295,
            "min": 299.2144,
            "med": 300.7221
        },
        "vus": {
            "value": 32,
            "min": 31,
            "max": 32
        },
        "vus_max": {
            "min": 200,
            "max": 200,
            "value": 200
        },
        "http_req_tls_handshaking": {
            "max": 0,
            "p(90)": 0,
            "p(95)": 0,
            "avg": 0,
            "min": 0,
            "med": 0
        }
    },
    "root_group": {
        "name": "",
        "path": "",
        "id": "d41d8cd98f00b204e9800998ecf8427e",
        "groups": {},
        "checks": {
                "status is 200": {
                    "name": "status is 200",
                    "path": "::status is 200",
                    "id": "6210a8cd14cd70477eba5c5e4cb3fb5f",
                    "passes": 1501,
                    "fails": 0
                },
                "simulated io": {
                    "name": "simulated io",
                    "path": "::simulated io",
                    "id": "930dc4eba98b86666f0b86a463d84734",
                    "passes": 0,
                    "fails": 1501
                }
            }
    }
}