{
    "root_group": {
        "name": "",
        "path": "",
        "id": "d41d8cd98f00b204e9800998ecf8427e",
        "groups": {},
        "checks": {
                "status is 200": {
                    "id": "6210a8cd14cd70477eba5c5e4cb3fb5f",
                    "passes": 1381,
                    "fails": 119,
                    "name": "status is 200",
                    "path": "::status is 200"
                },
                "has status field": {
                    "name": "has status field",
                    "path": "::has status field",
                    "id": "284cbdc4479f7c4119a0c0ed4944a6e1",
                    "passes": 1381,
                    "fails": 119
                }
            }
    },
    "metrics": {
        "http_req_tls_handshaking": {
            "avg": 0,
            "min": 0,
            "med": 0,
            "max": 0,
            "p(90)": 0,
            "p(95)": 0
        },
        "http_req_waiting": {
            "p(90)": 4.844580000000009,
            "p(95)": 7.349049999999998,
            "avg": 1.2521072666666668,
            "min": 0,
            "med": 0.5038,
            "max": 16.4382
        },
        "vus": {
            "value": 0,
            "min": 0,
            "max": 1
        },
        "http_req_blocked": {
            "avg": 0.02164553333333333,
            "min": 0,
            "med": 0,
            "max": 10.0929,
            "p(90)": 0,
            "p(95)": 0
        },
        "http_req_duration": {
            "avg": 1.3112072000000001,
            "min": 0,
            "med": 0.50525,
            "max": 16.4382,
            "p(90)": 4.905020000000002,
            "p(95)": 7.420119999999999
        },
        "vus_max": {
            "value": 100,
            "min": 100,
            "max": 100
        },
        "iterations": {
            "count": 1500,
            "rate": 99.99931933796638
        },
        "checks": {
            "passes": 2762,
            "fails": 238,
            "value": 0.9206666666666666
        },
        "iteration_duration": {
            "avg": 1.4669326000000005,
            "min": 0,
            "med": 0.51355,
            "max": 16.4382,
            "p(90)": 5.001110000000002,
            "p(95)": 7.506414999999999
        },
        "http_req_receiving": {
            "p(90)": 0,
            "p(95)": 0.511005,
            "avg": 0.05590393333333333,
            "min": 0,
            "med": 0,
            "max": 1.5056
        },
        "http_reqs": {
            "count": 1500,
            "rate": 99.99931933796638
        },
        "http_req_duration{expected_response:true}": {
            "max": 16.4382,
            "p(90)": 5.188,
            "p(95)": 7.5776,
            "avg": 1.4241931933381609,
            "min": 0,
            "med": 0.5092
        },
        "data_sent": {
            "count": 110480,
            "rate": 7365.283200305684
        },
        "http_req_sending": {
            "p(95)": 0,
            "avg": 0.0031959999999999996,
            "min": 0,
            "med": 0,
            "max": 0.6265,
            "p(90)": 0
        },
        "data_received": {
            "count": 473683,
            "rate": 31578.65172131062
        },
        "http_req_failed": {
            "passes": 119,
            "fails": 1381,
            "thresholds": {
                "rate<0.10": false
            },
            "value": 0.07933333333333334
        },
        "http_req_connecting": {
            "avg": 0.013847533333333332,
            "min": 0,
            "med": 0,
            "max": 4.8579,
            "p(90)": 0,
            "p(95)": 0
        }
    }
}