{
    "root_group": {
        "path": "",
        "id": "d41d8cd98f00b204e9800998ecf8427e",
        "groups": {},
        "checks": {
                "status is 200": {
                    "name": "status is 200",
                    "path": "::status is 200",
                    "id": "6210a8cd14cd70477eba5c5e4cb3fb5f",
                    "passes": 200,
                    "fails": 0
                },
                "has checksum": {
                    "fails": 0,
                    "name": "has checksum",
                    "path": "::has checksum",
                    "id": "3ab5abdfefc88e5b5ad0aaeaccf38dfe",
                    "passes": 200
                }
            },
        "name": ""
    },
    "metrics": {
        "http_req_failed": {
            "passes": 0,
            "fails": 200,
            "thresholds": {
                "rate<0.10": false
            },
            "value": 0
        },
        "http_req_sending": {
            "avg": 5.750892,
            "min": 0,
            "med": 2.9547,
            "max": 28.2189,
            "p(90)": 16.942769999999996,
            "p(95)": 22.07465499999999
        },
        "iterations": {
            "count": 200,
            "rate": 9.999755006002353
        },
        "checks": {
            "passes": 400,
            "fails": 0,
            "value": 1
        },
        "http_req_blocked": {
            "avg": 0.1159335,
            "min": 0,
            "med": 0,
            "max": 9.6454,
            "p(90)": 0,
            "p(95)": 0.5187749999999989
        },
        "http_req_tls_handshaking": {
            "max": 0,
            "p(90)": 0,
            "p(95)": 0,
            "avg": 0,
            "min": 0,
            "med": 0
        },
        "vus": {
            "min": 0,
            "max": 0,
            "value": 0
        },
        "http_req_duration": {
            "p(95)": 36.55484499999999,
            "avg": 18.428462,
            "min": 9.0286,
            "med": 15.75665,
            "max": 49.0462,
            "p(90)": 29.80769999999999
        },
        "http_req_connecting": {
            "p(95)": 0.5078849999999999,
            "avg": 0.04941249999999999,
            "min": 0,
            "med": 0,
            "max": 1.0427,
            "p(90)": 0
        },
        "data_received": {
            "count": 740400,
            "rate": 37019.09303222071
        },
        "http_req_duration{expected_response:true}": {
            "avg": 18.428462,
            "min": 9.0286,
            "med": 15.75665,
            "max": 49.0462,
            "p(90)": 29.80769999999999,
            "p(95)": 36.55484499999999
        },
        "data_sent": {
            "count": 325396400,
            "rate": 16269421.39917572
        },
        "vus_max": {
            "value": 20,
            "min": 20,
            "max": 20
        },
        "http_reqs": {
            "rate": 9.999755006002353,
            "count": 200
        },
        "iteration_duration": {
            "p(90)": 30.36424999999998,
            "p(95)": 37.57184499999999,
            "avg": 19.629114499999996,
            "min": 9.0286,
            "med": 17.5915,
            "max": 51.2276
        },
        "http_req_receiving": {
            "max": 1.503,
            "p(90)": 0.7794699999999999,
            "p(95)": 0.9304549999999999,
            "avg": 0.24485100000000004,
            "min": 0,
            "med": 0
        },
        "http_req_waiting": {
            "p(95)": 16.62686,
            "avg": 12.432718999999999,
            "min": 6.911,
            "med": 12.202449999999999,
            "max": 46.9258,
            "p(90)": 15.76149
        }
    }
}