{
    "metrics": {
        "http_req_receiving": {
            "med": 0,
            "max": 1.0735,
            "p(90)": 0.7647,
            "p(95)": 0.87955,
            "avg": 0.21747549668874172,
            "min": 0
        },
        "http_req_sending": {
            "p(90)": 0,
            "p(95)": 0,
            "avg": 0.020627814569536426,
            "min": 0,
            "med": 0,
            "max": 0.886
        },
        "data_sent": {
            "count": 20711,
            "rate": 1380.597528556441
        },
        "vus": {
            "value": 0,
            "min": 0,
            "max": 0
        },
        "http_req_tls_handshaking": {
            "p(95)": 0,
            "avg": 0,
            "min": 0,
            "med": 0,
            "max": 0,
            "p(90)": 0
        },
        "http_req_waiting": {
            "max": 18.2694,
            "p(90)": 2.4198,
            "p(95)": 3.0113,
            "avg": 1.528434437086093,
            "min": 0,
            "med": 1.1658
        },
        "http_req_blocked": {
            "p(90)": 0,
            "p(95)": 0.50585,
            "avg": 0.12554172185430465,
            "min": 0,
            "med": 0,
            "max": 11.4266
        },
        "iteration_duration": {
            "p(95)": 3.89055,
            "avg": 2.0556,
            "min": 0,
            "med": 1.5998,
            "max": 19.9662,
            "p(90)": 3.0339
        },
        "iterations": {
            "count": 151,
            "rate": 10.06567653961772
        },
        "vus_max": {
            "min": 20,
            "max": 20,
            "value": 20
        },
        "http_reqs": {
            "count": 151,
            "rate": 10.06567653961772
        },
        "checks": {
            "passes": 278,
            "fails": 24,
            "value": 0.9205298013245033
        },
        "http_req_duration": {
            "avg": 1.766537748344371,
            "min": 0,
            "med": 1.5517,
            "max": 18.9661,
            "p(90)": 2.7384,
            "p(95)": 3.4339500000000003
        },
        "http_req_duration{expected_response:true}": {
            "p(95)": 3.4986699999999997,
            "avg": 1.919044604316547,
            "min": 0,
            "med": 1.5736,
            "max": 18.9661,
            "p(90)": 2.90682
        },
        "data_received": {
            "count": 39198,
            "rate": 2612.942973509506
        },
        "http_req_connecting": {
            "p(90)": 0,
            "p(95)": 0.5043,
            "avg": 0.04066688741721854,
            "min": 0,
            "med": 0,
            "max": 0.5363
        },
        "http_req_failed": {
            "passes": 12,
            "fails": 139,
            "thresholds": {
                "rate<0.10": false
            },
            "value": 0.07947019867549669
        }
    },
    "root_group": {
        "id": "d41d8cd98f00b204e9800998ecf8427e",
        "groups": {},
        "checks": {
                "status is 200": {
                    "fails": 12,
                    "name": "status is 200",
                    "path": "::status is 200",
                    "id": "6210a8cd14cd70477eba5c5e4cb3fb5f",
                    "passes": 139
                },
                "has sum": {
                    "id": "8710474e05a01dc8091674224550be6c",
                    "passes": 139,
                    "fails": 12,
                    "name": "has sum",
                    "path": "::has sum"
                }
            },
        "name": "",
        "path": ""
    }
}