{
    "metrics": {
        "http_reqs": {
            "count": 210686,
            "rate": 10517.97562851564
        },
        "http_req_waiting": {
            "avg": 22.664398737457468,
            "min": 0,
            "med": 25.5216,
            "max": 162.0614,
            "p(90)": 36.1985,
            "p(95)": 39.136975
        },
        "data_received": {
            "count": 49397573,
            "rate": 2466051.2275225795
        },
        "http_req_blocked": {
            "avg": 0.003771251530713952,
            "min": 0,
            "med": 0,
            "max": 10.0916,
            "p(90)": 0,
            "p(95)": 0
        },
        "data_sent": {
            "count": 21385940,
            "rate": 1067639.9747154426
        },
        "checks": {
            "passes": 272574,
            "fails": 43455,
            "value": 0.8624967961800974
        },
        "http_req_connecting": {
            "avg": 0.00173538915732417,
            "min": 0,
            "med": 0,
            "max": 8.4146,
            "p(90)": 0,
            "p(95)": 0
        },
        "http_req_tls_handshaking": {
            "max": 0,
            "p(90)": 0,
            "p(95)": 0,
            "avg": 0,
            "min": 0,
            "med": 0
        },
        "http_req_receiving": {
            "max": 10.3965,
            "p(90)": 0,
            "p(95)": 0,
            "avg": 0.02890324274038165,
            "min": 0,
            "med": 0
        },
        "vus_max": {
            "value": 300,
            "min": 300,
            "max": 300
        },
        "http_req_duration{expected_response:true}": {
            "med": 26.7294,
            "max": 162.0614,
            "p(90)": 36.81492000000001,
            "p(95)": 39.695955,
            "avg": 26.26877953529816,
            "min": 0
        },
        "http_req_failed": {
            "passes": 28978,
            "fails": 181708,
            "thresholds": {
                "rate<0.50": false
            },
            "value": 0.13754117501874827
        },
        "vus": {
            "min": 58,
            "max": 300,
            "value": 300
        },
        "http_req_duration": {
            "med": 25.5664,
            "max": 162.0614,
            "p(90)": 36.23355,
            "p(95)": 39.1943,
            "avg": 22.70262017552169,
            "min": 0
        },
        "iterations": {
            "count": 105343,
            "rate": 5258.98781425782
        },
        "iteration_duration": {
            "min": 0,
            "med": 51.6395,
            "max": 186.3045,
            "p(90)": 73.12198,
            "p(95)": 76.66195,
            "avg": 49.85038041635297
        },
        "http_req_sending": {
            "p(90)": 0,
            "p(95)": 0,
            "avg": 0.009318195323846874,
            "min": 0,
            "med": 0,
            "max": 18.5211
        }
    },
    "root_group": {
        "groups": {},
        "checks": {
                "increment status 200": {
                    "name": "increment status 200",
                    "path": "::increment status 200",
                    "id": "5665685517fab9d7d81aefd164ac66f8",
                    "passes": 90842,
                    "fails": 14501
                },
                "read status 200": {
                    "passes": 90866,
                    "fails": 14477,
                    "name": "read status 200",
                    "path": "::read status 200",
                    "id": "211e08f77f572fd9fbb26f2fac69bfc5"
                },
                "value is number": {
                    "name": "value is number",
                    "path": "::value is number",
                    "id": "d31def553432f148ea7e9a4234f54795",
                    "passes": 90866,
                    "fails": 14477
                }
            },
        "name": "",
        "path": "",
        "id": "d41d8cd98f00b204e9800998ecf8427e"
    }
}