{
    "metrics": {
        "vus": {
            "min": 0,
            "max": 0,
            "value": 0
        },
        "http_req_receiving": {
            "avg": 0.2145074812967582,
            "min": 0,
            "med": 0,
            "max": 1.5039,
            "p(90)": 0.7614,
            "p(95)": 0.981
        },
        "iteration_duration": {
            "med": 24.91,
            "max": 40.8673,
            "p(90)": 26.6739,
            "p(95)": 27.4217,
            "avg": 25.031198753117195,
            "min": 22.0094
        },
        "http_req_waiting": {
            "min": 22.0094,
            "med": 24.5601,
            "max": 33.1099,
            "p(90)": 26.2645,
            "p(95)": 27.0822,
            "avg": 24.672617705735647
        },
        "checks": {
            "passes": 802,
            "fails": 0,
            "value": 1
        },
        "http_req_duration": {
            "p(90)": 26.6375,
            "p(95)": 27.4009,
            "avg": 24.890899750623436,
            "min": 22.0094,
            "med": 24.7336,
            "max": 33.1099
        },
        "http_req_duration{expected_response:true}": {
            "med": 24.7336,
            "max": 33.1099,
            "p(90)": 26.6375,
            "p(95)": 27.4009,
            "avg": 24.890899750623436,
            "min": 22.0094
        },
        "iterations": {
            "count": 401,
            "rate": 20.02400943647174
        },
        "http_req_tls_handshaking": {
            "p(95)": 0,
            "avg": 0,
            "min": 0,
            "med": 0,
            "max": 0,
            "p(90)": 0
        },
        "http_req_sending": {
            "avg": 0.003774563591022444,
            "min": 0,
            "med": 0,
            "max": 0.5055,
            "p(90)": 0,
            "p(95)": 0
        },
        "data_received": {
            "count": 125112,
            "rate": 6247.490944179183
        },
        "http_reqs": {
            "count": 401,
            "rate": 20.02400943647174
        },
        "vus_max": {
            "value": 40,
            "min": 40,
            "max": 40
        },
        "http_req_connecting": {
            "avg": 0.0038279301745635912,
            "min": 0,
            "med": 0,
            "max": 0.5238,
            "p(90)": 0,
            "p(95)": 0
        },
        "http_req_failed": {
            "passes": 0,
            "fails": 401,
            "thresholds": {
                "rate<0.10": false
            },
            "value": 0
        },
        "data_sent": {
            "rate": 4004.8018872943485,
            "count": 80200
        },
        "http_req_blocked": {
            "avg": 0.029818204488778057,
            "min": 0,
            "med": 0,
            "max": 10.4221,
            "p(90)": 0,
            "p(95)": 0
        }
    },
    "root_group": {
        "checks": {
            "status is 200": {
                "name": "status is 200",
                "path": "::status is 200",
                "id": "6210a8cd14cd70477eba5c5e4cb3fb5f",
                "passes": 401,
                "fails": 0
            },
            "has hash": {
                "passes": 401,
                "fails": 0,
                "name": "has hash",
                "path": "::has hash",
                "id": "4fad9de81b8c318fd2fdd5e4304fb822"
            }
        },
        "name": "",
        "path": "",
        "id": "d41d8cd98f00b204e9800998ecf8427e",
        "groups": {}
    }
}