{
    "root_group": {
        "name": "",
        "path": "",
        "id": "d41d8cd98f00b204e9800998ecf8427e",
        "groups": {},
        "checks": {
                "status is 200": {
                    "path": "::status is 200",
                    "id": "6210a8cd14cd70477eba5c5e4cb3fb5f",
                    "passes": 400,
                    "fails": 0,
                    "name": "status is 200"
                },
                "has hash": {
                    "fails": 0,
                    "name": "has hash",
                    "path": "::has hash",
                    "id": "4fad9de81b8c318fd2fdd5e4304fb822",
                    "passes": 400
                }
            }
    },
    "metrics": {
        "iteration_duration": {
            "med": 1.4449999999999998,
            "max": 12.2687,
            "p(90)": 4.734760000000001,
            "p(95)": 5.633729999999995,
            "avg": 2.1448055000000017,
            "min": 0.502
        },
        "http_req_duration": {
            "p(90)": 4.19247,
            "p(95)": 5.296714999999996,
            "avg": 1.9170095000000003,
            "min": 0.502,
            "med": 1.3356,
            "max": 8.6369
        },
        "vus_max": {
            "value": 40,
            "min": 40,
            "max": 40
        },
        "http_req_blocked": {
            "avg": 0.09202500000000001,
            "min": 0,
            "med": 0,
            "max": 9.2297,
            "p(90)": 0,
            "p(95)": 0.8668149999999994
        },
        "http_reqs": {
            "count": 400,
            "rate": 19.99940061796348
        },
        "http_req_connecting": {
            "avg": 0.060181,
            "min": 0,
            "med": 0,
            "max": 1.1859,
            "p(90)": 0,
            "p(95)": 0.5502699999999879
        },
        "iterations": {
            "count": 400,
            "rate": 19.99940061796348
        },
        "checks": {
            "passes": 800,
            "fails": 0,
            "value": 1
        },
        "http_req_sending": {
            "avg": 0.018205249999999996,
            "min": 0,
            "med": 0,
            "max": 0.7982,
            "p(90)": 0,
            "p(95)": 0
        },
        "vus": {
            "value": 0,
            "min": 0,
            "max": 0
        },
        "data_sent": {
            "count": 80000,
            "rate": 3999.8801235926962
        },
        "http_req_tls_handshaking": {
            "p(95)": 0,
            "avg": 0,
            "min": 0,
            "med": 0,
            "max": 0,
            "p(90)": 0
        },
        "http_req_receiving": {
            "avg": 0.30104749999999997,
            "min": 0,
            "med": 0,
            "max": 1.5183,
            "p(90)": 0.8614900000000001,
            "p(95)": 0.9877149999999995
        },
        "data_received": {
            "rate": 5959.821384153117,
            "count": 119200
        },
        "http_req_waiting": {
            "avg": 1.5977567500000012,
            "min": 0.502,
            "med": 0.7752,
            "max": 7.9883,
            "p(90)": 4.038250000000001,
            "p(95)": 4.615824999999996
        },
        "http_req_failed": {
            "passes": 0,
            "fails": 400,
            "thresholds": {
                "rate<0.10": false
            },
            "value": 0
        },
        "http_req_duration{expected_response:true}": {
            "avg": 1.9170095000000003,
            "min": 0.502,
            "med": 1.3356,
            "max": 8.6369,
            "p(90)": 4.19247,
            "p(95)": 5.296714999999996
        }
    }
}