{
    "root_group": {
        "id": "d41d8cd98f00b204e9800998ecf8427e",
        "groups": {},
        "checks": {
                "status is 200": {
                    "passes": 301,
                    "fails": 0,
                    "name": "status is 200",
                    "path": "::status is 200",
                    "id": "6210a8cd14cd70477eba5c5e4cb3fb5f"
                },
                "has hash": {
                    "name": "has hash",
                    "path": "::has hash",
                    "id": "4fad9de81b8c318fd2fdd5e4304fb822",
                    "passes": 301,
                    "fails": 0
                }
            },
        "name": "",
        "path": ""
    },
    "metrics": {
        "http_req_sending": {
            "avg": 0.0068880398671096335,
            "min": 0,
            "med": 0,
            "max": 0.5646,
            "p(90)": 0,
            "p(95)": 0
        },
        "data_sent": {
            "count": 60200,
            "rate": 4001.0724469269703
        },
        "http_req_failed": {
            "passes": 0,
            "fails": 301,
            "thresholds": {
                "rate<0.10": false
            },
            "value": 0
        },
        "http_req_tls_handshaking": {
            "p(95)": 0,
            "avg": 0,
            "min": 0,
            "med": 0,
            "max": 0,
            "p(90)": 0
        },
        "data_received": {
            "count": 93912,
            "rate": 6241.673017206073
        },
        "http_req_connecting": {
            "avg": 0.011233554817275745,
            "min": 0,
            "med": 0,
            "max": 0.5205,
            "p(90)": 0,
            "p(95)": 0
        },
        "http_req_receiving": {
            "avg": 0.21202491694352169,
            "min": 0,
            "med": 0,
            "max": 1.505,
            "p(90)": 0.825,
            "p(95)": 1.0034
        },
        "iterations": {
            "count": 301,
            "rate": 20.005362234634852
        },
        "http_reqs": {
            "count": 301,
            "rate": 20.005362234634852
        },
        "checks": {
            "passes": 602,
            "fails": 0,
            "value": 1
        },
        "http_req_blocked": {
            "med": 0,
            "max": 10.8045,
            "p(90)": 0,
            "p(95)": 0,
            "avg": 0.047275415282392035,
            "min": 0
        },
        "http_req_waiting": {
            "min": 24.6418,
            "med": 43.1099,
            "max": 52.2844,
            "p(90)": 45.4432,
            "p(95)": 46.6019,
            "avg": 40.93881893687707
        },
        "http_req_duration": {
            "max": 52.2844,
            "p(90)": 45.5043,
            "p(95)": 46.8198,
            "avg": 41.157731893687696,
            "min": 24.6418,
            "med": 43.4754
        },
        "http_req_duration{expected_response:true}": {
            "avg": 41.157731893687696,
            "min": 24.6418,
            "med": 43.4754,
            "max": 52.2844,
            "p(90)": 45.5043,
            "p(95)": 46.8198
        },
        "vus": {
            "value": 0,
            "min": 0,
            "max": 1
        },
        "vus_max": {
            "min": 40,
            "max": 40,
            "value": 40
        },
        "iteration_duration": {
            "avg": 41.36729800664452,
            "min": 25.148,
            "med": 43.6191,
            "max": 52.2844,
            "p(90)": 45.7038,
            "p(95)": 47.1992
        }
    }
}