{
    "root_group": {
        "name": "",
        "path": "",
        "id": "d41d8cd98f00b204e9800998ecf8427e",
        "groups": {},
        "checks": {
                "status is 200": {
                    "name": "status is 200",
                    "path": "::status is 200",
                    "id": "6210a8cd14cd70477eba5c5e4cb3fb5f",
                    "passes": 201,
                    "fails": 0
                },
                "has checksum": {
                    "fails": 0,
                    "name": "has checksum",
                    "path": "::has checksum",
                    "id": "3ab5abdfefc88e5b5ad0aaeaccf38dfe",
                    "passes": 201
                }
            }
    },
    "metrics": {
        "iteration_duration": {
            "p(90)": 19.585,
            "p(95)": 26.4829,
            "avg": 11.667281592039805,
            "min": 8.4386,
            "med": 9.5847,
            "max": 39.7962
        },
        "http_req_tls_handshaking": {
            "max": 0,
            "p(90)": 0,
            "p(95)": 0,
            "avg": 0,
            "min": 0,
            "med": 0
        },
        "iterations": {
            "count": 201,
            "rate": 10.045271238790695
        },
        "vus": {
            "min": 0,
            "max": 0,
            "value": 0
        },
        "http_req_sending": {
            "p(90)": 11.4001,
            "p(95)": 16.7873,
            "avg": 3.230827363184081,
            "min": 0,
            "med": 1.5398,
            "max": 24.7865
        },
        "data_sent": {
            "count": 327023382,
            "rate": 16343475.490630163
        },
        "vus_max": {
            "max": 20,
            "value": 20,
            "min": 20
        },
        "http_req_failed": {
            "passes": 0,
            "fails": 201,
            "thresholds": {
                "rate<0.10": false
            },
            "value": 0
        },
        "http_req_waiting": {
            "med": 7.5173,
            "max": 22.5774,
            "p(90)": 8.792,
            "p(95)": 9.8659,
            "avg": 7.853514925373132,
            "min": 6.5149
        },
        "http_req_duration": {
            "avg": 11.442905472636818,
            "min": 8.0701,
            "med": 9.4819,
            "max": 39.7962,
            "p(90)": 19.4689,
            "p(95)": 26.044
        },
        "data_received": {
            "count": 744102,
            "rate": 37187.594126003154
        },
        "http_reqs": {
            "rate": 10.045271238790695,
            "count": 201
        },
        "http_req_duration{expected_response:true}": {
            "med": 9.4819,
            "max": 39.7962,
            "p(90)": 19.4689,
            "p(95)": 26.044,
            "avg": 11.442905472636818,
            "min": 8.0701
        },
        "http_req_receiving": {
            "p(90)": 0.8966,
            "p(95)": 0.9541,
            "avg": 0.3585631840796021,
            "min": 0,
            "med": 0.3376,
            "max": 1.0015
        },
        "http_req_blocked": {
            "p(90)": 0,
            "p(95)": 0.5043,
            "avg": 0.08819353233830844,
            "min": 0,
            "med": 0,
            "max": 10.4944
        },
        "http_req_connecting": {
            "avg": 0.03075621890547264,
            "min": 0,
            "med": 0,
            "max": 1.0054,
            "p(90)": 0,
            "p(95)": 0.4864
        },
        "checks": {
            "passes": 402,
            "fails": 0,
            "value": 1
        }
    }
}