{
    "metrics": {
        "http_req_failed": {
            "passes": 0,
            "fails": 2000,
            "thresholds": {
                "rate<0.10": false
            },
            "value": 0
        },
        "iterations": {
            "count": 2000,
            "rate": 99.90860311033165
        },
        "http_req_sending": {
            "min": 0,
            "med": 0,
            "max": 0.6814,
            "p(90)": 0,
            "p(95)": 0,
            "avg": 0.0082569
        },
        "vus_max": {
            "value": 200,
            "min": 200,
            "max": 200
        },
        "data_sent": {
            "count": 400000,
            "rate": 19981.72062206633
        },
        "vus": {
            "value": 2,
            "min": 2,
            "max": 3
        },
        "http_req_tls_handshaking": {
            "min": 0,
            "med": 0,
            "max": 0,
            "p(90)": 0,
            "p(95)": 0,
            "avg": 0
        },
        "http_req_blocked": {
            "avg": 0.01905475,
            "min": 0,
            "med": 0,
            "max": 10.764,
            "p(90)": 0,
            "p(95)": 0
        },
        "http_req_duration{expected_response:true}": {
            "avg": 28.546234449999986,
            "min": 24.2861,
            "med": 27.3905,
            "max": 46.4813,
            "p(90)": 32.85713,
            "p(95)": 34.619164999999995
        },
        "checks": {
            "passes": 2000,
            "fails": 2000,
            "value": 0.5
        },
        "http_req_duration": {
            "avg": 28.546234449999986,
            "min": 24.2861,
            "med": 27.3905,
            "max": 46.4813,
            "p(90)": 32.85713,
            "p(95)": 34.619164999999995
        },
        "http_req_connecting": {
            "p(95)": 0,
            "avg": 0.0084635,
            "min": 0,
            "med": 0,
            "max": 0.565,
            "p(90)": 0
        },
        "http_req_receiving": {
            "p(95)": 0.95458,
            "avg": 0.2677484,
            "min": 0,
            "med": 0,
            "max": 1.516,
            "p(90)": 0.8493600000000001
        },
        "http_reqs": {
            "count": 2000,
            "rate": 99.90860311033165
        },
        "iteration_duration": {
            "max": 49.4932,
            "p(90)": 32.879630000000006,
            "p(95)": 34.772755000000004,
            "avg": 28.621801749999996,
            "min": 24.2861,
            "med": 27.561700000000002
        },
        "data_received": {
            "count": 762000,
            "rate": 38065.17778503636
        },
        "http_req_waiting": {
            "med": 27.2335,
            "max": 46.4813,
            "p(90)": 32.48561,
            "p(95)": 34.34478,
            "avg": 28.270229149999974,
            "min": 23.6928
        }
    },
    "root_group": {
        "name": "",
        "path": "",
        "id": "d41d8cd98f00b204e9800998ecf8427e",
        "groups": {},
        "checks": {
                "status is 200": {
                    "id": "6210a8cd14cd70477eba5c5e4cb3fb5f",
                    "passes": 0,
                    "fails": 2000,
                    "name": "status is 200",
                    "path": "::status is 200"
                },
                "has hash": {
                    "name": "has hash",
                    "path": "::has hash",
                    "id": "4fad9de81b8c318fd2fdd5e4304fb822",
                    "passes": 2000,
                    "fails": 0
                }
            }
    }
}