{
    "root_group": {
        "groups": {},
        "checks": {
                "status is 200": {
                    "name": "status is 200",
                    "path": "::status is 200",
                    "id": "6210a8cd14cd70477eba5c5e4cb3fb5f",
                    "passes": 2001,
                    "fails": 0
                },
                "simulated io": {
                    "name": "simulated io",
                    "path": "::simulated io",
                    "id": "930dc4eba98b86666f0b86a463d84734",
                    "passes": 0,
                    "fails": 2001
                }
            },
        "name": "",
        "path": "",
        "id": "d41d8cd98f00b204e9800998ecf8427e"
    },
    "metrics": {
        "http_req_connecting": {
            "p(95)": 0,
            "avg": 0.020839080459770117,
            "min": 0,
            "med": 0,
            "max": 1.3064,
            "p(90)": 0
        },
        "http_req_duration": {
            "min": 299.2588,
            "med": 300.4255,
            "max": 316.2905,
            "p(90)": 302.5711,
            "p(95)": 308.7661,
            "avg": 301.18126466766563
        },
        "http_req_waiting": {
            "avg": 301.08616011993945,
            "min": 299.1572,
            "med": 300.3123,
            "max": 316.2905,
            "p(90)": 302.4309,
            "p(95)": 308.6366
        },
        "checks": {
            "passes": 2001,
            "fails": 2001,
            "value": 0.5
        },
        "http_req_failed": {
            "passes": 0,
            "fails": 2001,
            "thresholds": {
                "rate<0.05": false
            },
            "value": 0
        },
        "http_req_sending": {
            "max": 2.5775,
            "p(90)": 0,
            "p(95)": 0,
            "avg": 0.01006336831584208,
            "min": 0,
            "med": 0
        },
        "http_req_receiving": {
            "avg": 0.08504117941029485,
            "min": 0,
            "med": 0,
            "max": 1.5275,
            "p(90)": 0.5271,
            "p(95)": 0.6756
        },
        "http_reqs": {
            "count": 2001,
            "rate": 98.4587771797767
        },
        "vus": {
            "value": 31,
            "min": 31,
            "max": 32
        },
        "http_req_duration{expected_response:true}": {
            "med": 300.4255,
            "max": 316.2905,
            "p(90)": 302.5711,
            "p(95)": 308.7661,
            "avg": 301.18126466766563,
            "min": 299.2588
        },
        "http_req_tls_handshaking": {
            "max": 0,
            "p(90)": 0,
            "p(95)": 0,
            "avg": 0,
            "min": 0,
            "med": 0
        },
        "iteration_duration": {
            "min": 309.5145,
            "med": 310.9223,
            "max": 329.1478,
            "p(90)": 313.4423,
            "p(95)": 319.4404,
            "avg": 311.6709323338334
        },
        "iterations": {
            "count": 2001,
            "rate": 98.4587771797767
        },
        "vus_max": {
            "value": 200,
            "min": 200,
            "max": 200
        },
        "data_received": {
            "count": 452226,
            "rate": 22251.683642629534
        },
        "data_sent": {
            "count": 190095,
            "rate": 9353.583832078786
        },
        "http_req_blocked": {
            "avg": 0.030238430784607705,
            "min": 0,
            "med": 0,
            "max": 9.7302,
            "p(90)": 0,
            "p(95)": 0
        }
    }
}