{
    "root_group": {
        "name": "",
        "path": "",
        "id": "d41d8cd98f00b204e9800998ecf8427e",
        "groups": {},
        "checks": {
                "status is 200": {
                    "name": "status is 200",
                    "path": "::status is 200",
                    "id": "6210a8cd14cd70477eba5c5e4cb3fb5f",
                    "passes": 201,
                    "fails": 0
                },
                "has checksum": {
                    "path": "::has checksum",
                    "id": "3ab5abdfefc88e5b5ad0aaeaccf38dfe",
                    "passes": 201,
                    "fails": 0,
                    "name": "has checksum"
                }
            }
    },
    "metrics": {
        "vus": {
            "value": 0,
            "min": 0,
            "max": 0
        },
        "http_req_connecting": {
            "avg": 0.07478855721393034,
            "min": 0,
            "med": 0,
            "max": 5.5714,
            "p(90)": 0,
            "p(95)": 0.5263
        },
        "vus_max": {
            "value": 20,
            "min": 20,
            "max": 20
        },
        "iterations": {
            "count": 201,
            "rate": 10.045872552802955
        },
        "http_req_duration": {
            "p(90)": 20.159,
            "p(95)": 27.8269,
            "avg": 11.704960199004978,
            "min": 7.7763,
            "med": 9.4304,
            "max": 49.9671
        },
        "http_req_sending": {
            "avg": 3.831721393034827,
            "min": 0.756,
            "med": 1.7472,
            "max": 26.4674,
            "p(90)": 12.2978,
            "p(95)": 18.7833
        },
        "iteration_duration": {
            "avg": 12.084327363184077,
            "min": 7.7763,
            "med": 9.6007,
            "max": 50.4985,
            "p(90)": 20.9809,
            "p(95)": 28.8305
        },
        "http_req_tls_handshaking": {
            "avg": 0,
            "min": 0,
            "med": 0,
            "max": 0,
            "p(90)": 0,
            "p(95)": 0
        },
        "http_req_waiting": {
            "p(95)": 9.2379,
            "avg": 7.631240796019898,
            "min": 6.2057,
            "med": 7.3247,
            "max": 24.2199,
            "p(90)": 8.2938
        },
        "http_req_blocked": {
            "med": 0,
            "max": 10.2019,
            "p(90)": 0,
            "p(95)": 0.5314,
            "avg": 0.13065074626865672,
            "min": 0
        },
        "data_sent": {
            "count": 327023382,
            "rate": 16344453.817704458
        },
        "http_req_failed": {
            "passes": 0,
            "fails": 201,
            "thresholds": {
                "rate<0.10": false
            },
            "value": 0
        },
        "http_reqs": {
            "count": 201,
            "rate": 10.045872552802955
        },
        "checks": {
            "fails": 0,
            "passes": 402,
            "value": 1
        },
        "data_received": {
            "count": 752544,
            "rate": 37611.74683769426
        },
        "http_req_duration{expected_response:true}": {
            "p(95)": 27.8269,
            "avg": 11.704960199004978,
            "min": 7.7763,
            "med": 9.4304,
            "max": 49.9671,
            "p(90)": 20.159
        },
        "http_req_receiving": {
            "avg": 0.2419980099502487,
            "min": 0,
            "med": 0,
            "max": 1.0597,
            "p(90)": 0.7868,
            "p(95)": 0.93
        }
    }
}