{
    "root_group": {
        "groups": {},
        "checks": {
                "status is 200": {
                    "name": "status is 200",
                    "path": "::status is 200",
                    "id": "6210a8cd14cd70477eba5c5e4cb3fb5f",
                    "passes": 0,
                    "fails": 200
                },
                "has sum": {
                    "name": "has sum",
                    "path": "::has sum",
                    "id": "8710474e05a01dc8091674224550be6c",
                    "passes": 200,
                    "fails": 0
                }
            },
        "name": "",
        "path": "",
        "id": "d41d8cd98f00b204e9800998ecf8427e"
    },
    "metrics": {
        "http_req_blocked": {
            "avg": 0.09615449999999999,
            "min": 0,
            "med": 0,
            "max": 9.9253,
            "p(90)": 0,
            "p(95)": 0.5159349999999979
        },
        "http_req_waiting": {
            "p(90)": 3.5971499999999996,
            "p(95)": 4.5189200000000005,
            "avg": 2.0904760000000002,
            "min": 0.6201,
            "med": 1.6617,
            "max": 13.1505
        },
        "http_req_receiving": {
            "min": 0,
            "med": 0.3493,
            "max": 1.005,
            "p(90)": 0.92662,
            "p(95)": 0.9637399999999999,
            "avg": 0.36232450000000016
        },
        "vus_max": {
            "value": 20,
            "min": 20,
            "max": 20
        },
        "http_req_sending": {
            "med": 0,
            "max": 0.7411,
            "p(90)": 0,
            "p(95)": 0,
            "avg": 0.0099285,
            "min": 0
        },
        "data_received": {
            "count": 62000,
            "rate": 3099.9274306988473
        },
        "http_req_connecting": {
            "p(95)": 0.020199999999993112,
            "avg": 0.037757,
            "min": 0,
            "med": 0,
            "max": 1.0708,
            "p(90)": 0
        },
        "http_req_tls_handshaking": {
            "avg": 0,
            "min": 0,
            "med": 0,
            "max": 0,
            "p(90)": 0,
            "p(95)": 0
        },
        "iteration_duration": {
            "avg": 2.600867500000001,
            "min": 1.2848,
            "med": 2.1117,
            "max": 23.0758,
            "p(90)": 4.24664,
            "p(95)": 4.8227
        },
        "http_reqs": {
            "count": 200,
            "rate": 9.999765905480153
        },
        "http_req_failed": {
            "passes": 0,
            "fails": 200,
            "thresholds": {
                "rate<0.10": false
            },
            "value": 0
        },
        "http_req_duration": {
            "avg": 2.4627290000000013,
            "min": 1.2848,
            "med": 2.0618,
            "max": 13.1505,
            "p(90)": 3.93932,
            "p(95)": 4.586904999999995
        },
        "http_req_duration{expected_response:true}": {
            "p(90)": 3.93932,
            "p(95)": 4.586904999999995,
            "avg": 2.4627290000000013,
            "min": 1.2848,
            "med": 2.0618,
            "max": 13.1505
        },
        "iterations": {
            "count": 200,
            "rate": 9.999765905480153
        },
        "checks": {
            "passes": 200,
            "fails": 200,
            "value": 0.5
        },
        "data_sent": {
            "count": 29800,
            "rate": 1489.9651199165428
        },
        "vus": {
            "min": 0,
            "max": 0,
            "value": 0
        }
    }
}