{
    "root_group": {
        "path": "",
        "id": "d41d8cd98f00b204e9800998ecf8427e",
        "groups": {},
        "checks": {
                "status is 200": {
                    "name": "status is 200",
                    "path": "::status is 200",
                    "id": "6210a8cd14cd70477eba5c5e4cb3fb5f",
                    "passes": 151,
                    "fails": 0
                },
                "has checksum": {
                    "path": "::has checksum",
                    "id": "3ab5abdfefc88e5b5ad0aaeaccf38dfe",
                    "passes": 151,
                    "fails": 0,
                    "name": "has checksum"
                }
            },
        "name": ""
    },
    "metrics": {
        "http_req_duration": {
            "max": 45.9265,
            "p(90)": 27.1546,
            "p(95)": 33.39235,
            "avg": 14.057522516556297,
            "min": 6.0012,
            "med": 11.3524
        },
        "http_req_blocked": {
            "avg": 0.12765298013245033,
            "min": 0,
            "med": 0,
            "max": 10.5026,
            "p(90)": 0,
            "p(95)": 0.55335
        },
        "data_sent": {
            "count": 163681282,
            "rate": 10892505.824363844
        },
        "http_req_tls_handshaking": {
            "max": 0,
            "p(90)": 0,
            "p(95)": 0,
            "avg": 0,
            "min": 0,
            "med": 0
        },
        "checks": {
            "passes": 302,
            "fails": 0,
            "value": 1
        },
        "http_req_waiting": {
            "p(95)": 25.633,
            "avg": 10.198018543046366,
            "min": 4.6681,
            "med": 8.7159,
            "max": 38.4534,
            "p(90)": 13.6908
        },
        "http_req_receiving": {
            "med": 0,
            "max": 1.1394,
            "p(90)": 0.7318,
            "p(95)": 0.90255,
            "avg": 0.20533112582781465,
            "min": 0
        },
        "iteration_duration": {
            "avg": 14.885333112582785,
            "min": 6.2714,
            "med": 12.1395,
            "max": 47.4694,
            "p(90)": 28.1634,
            "p(95)": 33.84735
        },
        "http_reqs": {
            "rate": 10.048603966084166,
            "count": 151
        },
        "iterations": {
            "count": 151,
            "rate": 10.048603966084166
        },
        "http_req_sending": {
            "med": 1.6443,
            "max": 25.6009,
            "p(90)": 6.9392,
            "p(95)": 19.637,
            "avg": 3.6541728476821196,
            "min": 0
        },
        "vus": {
            "max": 0,
            "value": 0,
            "min": 0
        },
        "http_req_duration{expected_response:true}": {
            "avg": 14.057522516556297,
            "min": 6.0012,
            "med": 11.3524,
            "max": 45.9265,
            "p(90)": 27.1546,
            "p(95)": 33.39235
        },
        "http_req_connecting": {
            "p(95)": 0.5237,
            "avg": 0.054160927152317885,
            "min": 0,
            "med": 0,
            "max": 1.0099,
            "p(90)": 0
        },
        "data_received": {
            "count": 559002,
            "rate": 37199.931882443576
        },
        "vus_max": {
            "value": 20,
            "min": 20,
            "max": 20
        },
        "http_req_failed": {
            "passes": 0,
            "fails": 151,
            "thresholds": {
                "rate<0.10": false
            },
            "value": 0
        }
    }
}