{
    "root_group": {
        "name": "",
        "path": "",
        "id": "d41d8cd98f00b204e9800998ecf8427e",
        "groups": {},
        "checks": {
                "status is 200": {
                    "name": "status is 200",
                    "path": "::status is 200",
                    "id": "6210a8cd14cd70477eba5c5e4cb3fb5f",
                    "passes": 200,
                    "fails": 0
                },
                "has sum": {
                    "name": "has sum",
                    "path": "::has sum",
                    "id": "8710474e05a01dc8091674224550be6c",
                    "passes": 200,
                    "fails": 0
                }
            }
    },
    "metrics": {
        "http_req_blocked": {
            "p(90)": 0,
            "p(95)": 0,
            "avg": 0.0571025,
            "min": 0,
            "med": 0,
            "max": 10.3973
        },
        "iteration_duration": {
            "max": 14.5135,
            "p(90)": 2.65842,
            "p(95)": 2.813895,
            "avg": 2.249033,
            "min": 1.0669,
            "med": 2.16935
        },
        "http_reqs": {
            "count": 200,
            "rate": 9.999864701830584
        },
        "http_req_duration{expected_response:true}": {
            "p(95)": 2.7048099999999997,
            "avg": 2.0766864999999997,
            "min": 1.041,
            "med": 2.105,
            "max": 5.3627,
            "p(90)": 2.59086
        },
        "data_received": {
            "count": 48200,
            "rate": 2409.9673931411708
        },
        "checks": {
            "passes": 400,
            "fails": 0,
            "value": 1
        },
        "iterations": {
            "count": 200,
            "rate": 9.999864701830584
        },
        "http_req_failed": {
            "passes": 0,
            "fails": 200,
            "thresholds": {
                "rate<0.10": false
            },
            "value": 0
        },
        "http_req_connecting": {
            "avg": 0.005259000000000001,
            "min": 0,
            "med": 0,
            "max": 0.5475,
            "p(90)": 0,
            "p(95)": 0
        },
        "http_req_duration": {
            "max": 5.3627,
            "p(90)": 2.59086,
            "p(95)": 2.7048099999999997,
            "avg": 2.0766864999999997,
            "min": 1.041,
            "med": 2.105
        },
        "data_sent": {
            "count": 29800,
            "rate": 1489.979840572757
        },
        "http_req_tls_handshaking": {
            "med": 0,
            "max": 0,
            "p(90)": 0,
            "p(95)": 0,
            "avg": 0,
            "min": 0
        },
        "http_req_sending": {
            "max": 0.6244,
            "p(90)": 0,
            "p(95)": 0,
            "avg": 0.00823,
            "min": 0,
            "med": 0
        },
        "vus_max": {
            "value": 20,
            "min": 20,
            "max": 20
        },
        "http_req_receiving": {
            "med": 0,
            "max": 1.0001,
            "p(90)": 0.52771,
            "p(95)": 0.583679999999999,
            "avg": 0.10543200000000001,
            "min": 0
        },
        "http_req_waiting": {
            "min": 0.6287,
            "med": 1.8928500000000001,
            "max": 5.3627,
            "p(90)": 2.40704,
            "p(95)": 2.65801,
            "avg": 1.9630244999999993
        },
        "vus": {
            "min": 0,
            "max": 0,
            "value": 0
        }
    }
}