{
    "metrics": {
        "http_req_duration": {
            "p(95)": 0,
            "avg": 0.013434469999999994,
            "min": 0,
            "med": 0,
            "max": 7.9933,
            "p(90)": 0
        },
        "http_req_blocked": {
            "min": 0,
            "med": 0,
            "max": 10.448,
            "p(90)": 0,
            "p(95)": 0,
            "avg": 0.006333130000000001
        },
        "iterations": {
            "count": 20000,
            "rate": 999.9673960630514
        },
        "vus_max": {
            "max": 500,
            "value": 500,
            "min": 500
        },
        "http_req_failed": {
            "passes": 0,
            "fails": 20000,
            "thresholds": {
                "rate<0.10": false
            },
            "value": 0
        },
        "http_req_connecting": {
            "avg": 0.0007607950000000002,
            "min": 0,
            "med": 0,
            "max": 1.4708,
            "p(90)": 0,
            "p(95)": 0
        },
        "checks": {
            "passes": 40000,
            "fails": 0,
            "value": 1
        },
        "http_req_waiting": {
            "avg": 0.010837900000000003,
            "min": 0,
            "med": 0,
            "max": 7.5511,
            "p(90)": 0,
            "p(95)": 0
        },
        "data_sent": {
            "rate": 79997.39168504412,
            "count": 1600000
        },
        "http_req_sending": {
            "med": 0,
            "max": 1.4708,
            "p(90)": 0,
            "p(95)": 0,
            "avg": 0.0005911750000000001,
            "min": 0
        },
        "http_reqs": {
            "count": 20000,
            "rate": 999.9673960630514
        },
        "http_req_receiving": {
            "p(95)": 0,
            "avg": 0.002005395,
            "min": 0,
            "med": 0,
            "max": 1.0261,
            "p(90)": 0
        },
        "http_req_duration{expected_response:true}": {
            "max": 7.9933,
            "p(90)": 0,
            "p(95)": 0,
            "avg": 0.013434469999999994,
            "min": 0,
            "med": 0
        },
        "data_received": {
            "count": 6040000,
            "rate": 301990.1536110415
        },
        "iteration_duration": {
            "avg": 0.02452903499999998,
            "min": 0,
            "med": 0,
            "max": 16.9705,
            "p(90)": 0,
            "p(95)": 0
        },
        "http_req_tls_handshaking": {
            "avg": 0,
            "min": 0,
            "med": 0,
            "max": 0,
            "p(90)": 0,
            "p(95)": 0
        },
        "vus": {
            "max": 1,
            "value": 1,
            "min": 0
        }
    },
    "root_group": {
        "groups": {},
        "checks": {
                "status is 200": {
                    "name": "status is 200",
                    "path": "::status is 200",
                    "id": "6210a8cd14cd70477eba5c5e4cb3fb5f",
                    "passes": 20000,
                    "fails": 0
                },
                "has status field": {
                    "id": "284cbdc4479f7c4119a0c0ed4944a6e1",
                    "passes": 20000,
                    "fails": 0,
                    "name": "has status field",
                    "path": "::has status field"
                }
            },
        "name": "",
        "path": "",
        "id": "d41d8cd98f00b204e9800998ecf8427e"
    }
}