{
    "root_group": {
        "path": "",
        "id": "d41d8cd98f00b204e9800998ecf8427e",
        "groups": {},
        "checks": {
                "status is 200": {
                    "name": "status is 200",
                    "path": "::status is 200",
                    "id": "6210a8cd14cd70477eba5c5e4cb3fb5f",
                    "passes": 0,
                    "fails": 2001
                },
                "has hash": {
                    "path": "::has hash",
                    "id": "4fad9de81b8c318fd2fdd5e4304fb822",
                    "passes": 2001,
                    "fails": 0,
                    "name": "has hash"
                }
            },
        "name": ""
    },
    "metrics": {
        "iterations": {
            "count": 2001,
            "rate": 100.04462160114272
        },
        "http_reqs": {
            "count": 2001,
            "rate": 100.04462160114272
        },
        "http_req_duration{expected_response:true}": {
            "p(90)": 1.9559,
            "p(95)": 2.3583,
            "avg": 1.0707028485757117,
            "min": 0,
            "med": 0.8846,
            "max": 15.1646
        },
        "checks": {
            "fails": 2001,
            "passes": 2001,
            "value": 0.5
        },
        "iteration_duration": {
            "min": 0,
            "med": 0.973,
            "max": 25.9479,
            "p(90)": 2.1589,
            "p(95)": 2.5219,
            "avg": 1.1543205397301353
        },
        "vus": {
            "value": 0,
            "min": 0,
            "max": 0
        },
        "http_req_sending": {
            "avg": 0.006468115942028987,
            "min": 0,
            "med": 0,
            "max": 0.8042,
            "p(90)": 0,
            "p(95)": 0
        },
        "http_req_waiting": {
            "avg": 0.8965391304347811,
            "min": 0,
            "med": 0.6438,
            "max": 15.1646,
            "p(90)": 1.7183,
            "p(95)": 2.2006
        },
        "http_req_tls_handshaking": {
            "avg": 0,
            "min": 0,
            "med": 0,
            "max": 0,
            "p(90)": 0,
            "p(95)": 0
        },
        "http_req_duration": {
            "avg": 1.0707028485757117,
            "min": 0,
            "med": 0.8846,
            "max": 15.1646,
            "p(90)": 1.9559,
            "p(95)": 2.3583
        },
        "data_sent": {
            "count": 400200,
            "rate": 20008.924320228547
        },
        "http_req_receiving": {
            "avg": 0.16769560219890048,
            "min": 0,
            "med": 0,
            "max": 1.6756,
            "p(90)": 0.5947,
            "p(95)": 0.7676
        },
        "http_req_failed": {
            "passes": 0,
            "fails": 2001,
            "thresholds": {
                "rate<0.10": false
            },
            "value": 0
        },
        "data_received": {
            "count": 734367,
            "rate": 36716.37612761938
        },
        "http_req_blocked": {
            "avg": 0.022816691654172907,
            "min": 0,
            "med": 0,
            "max": 10.7833,
            "p(90)": 0,
            "p(95)": 0
        },
        "vus_max": {
            "value": 200,
            "min": 200,
            "max": 200
        },
        "http_req_connecting": {
            "p(95)": 0,
            "avg": 0.012986256871564215,
            "min": 0,
            "med": 0,
            "max": 1.4547,
            "p(90)": 0
        }
    }
}