{
    "metrics": {
        "http_req_connecting": {
            "avg": 0.0015449775112443777,
            "min": 0,
            "med": 0,
            "max": 0.5254,
            "p(90)": 0,
            "p(95)": 0
        },
        "iteration_duration": {
            "max": 22.9535,
            "p(90)": 1.6697,
            "p(95)": 2.2985,
            "avg": 1.0198367316341828,
            "min": 0,
            "med": 0.6108
        },
        "http_req_duration": {
            "max": 14.9248,
            "p(90)": 1.5433,
            "p(95)": 2.0422,
            "avg": 0.9319974012993508,
            "min": 0,
            "med": 0.5254
        },
        "iterations": {
            "count": 2001,
            "rate": 100.04070771886354
        },
        "http_req_failed": {
            "passes": 0,
            "fails": 2001,
            "thresholds": {
                "rate<0.10": false
            },
            "value": 0
        },
        "http_req_receiving": {
            "avg": 0.05904232883558219,
            "min": 0,
            "med": 0,
            "max": 2.02,
            "p(90)": 0,
            "p(95)": 0.5191
        },
        "data_sent": {
            "count": 400200,
            "rate": 20008.14154377271
        },
        "http_reqs": {
            "count": 2001,
            "rate": 100.04070771886354
        },
        "data_received": {
            "count": 678339,
            "rate": 33913.79991669474
        },
        "vus_max": {
            "min": 200,
            "max": 200,
            "value": 200
        },
        "http_req_duration{expected_response:true}": {
            "avg": 0.9319974012993508,
            "min": 0,
            "med": 0.5254,
            "max": 14.9248,
            "p(90)": 1.5433,
            "p(95)": 2.0422
        },
        "http_req_waiting": {
            "min": 0,
            "med": 0.5217,
            "max": 14.9248,
            "p(90)": 1.5199,
            "p(95)": 1.7182,
            "avg": 0.8700075462268871
        },
        "http_req_sending": {
            "min": 0,
            "med": 0,
            "max": 1.1524,
            "p(90)": 0,
            "p(95)": 0,
            "avg": 0.002947526236881559
        },
        "http_req_blocked": {
            "avg": 0.008747226386806597,
            "min": 0,
            "med": 0,
            "max": 11.1608,
            "p(90)": 0,
            "p(95)": 0
        },
        "http_req_tls_handshaking": {
            "med": 0,
            "max": 0,
            "p(90)": 0,
            "p(95)": 0,
            "avg": 0,
            "min": 0
        },
        "vus": {
            "value": 0,
            "min": 0,
            "max": 0
        },
        "checks": {
            "passes": 4002,
            "fails": 0,
            "value": 1
        }
    },
    "root_group": {
        "name": "",
        "path": "",
        "id": "d41d8cd98f00b204e9800998ecf8427e",
        "groups": {},
        "checks": {
                "status is 200": {
                    "name": "status is 200",
                    "path": "::status is 200",
                    "id": "6210a8cd14cd70477eba5c5e4cb3fb5f",
                    "passes": 2001,
                    "fails": 0
                },
                "has hash": {
                    "name": "has hash",
                    "path": "::has hash",
                    "id": "4fad9de81b8c318fd2fdd5e4304fb822",
                    "passes": 2001,
                    "fails": 0
                }
            }
    }
}