{
    "root_group": {
        "id": "d41d8cd98f00b204e9800998ecf8427e",
        "groups": {},
        "checks": {
                "status is 200": {
                    "name": "status is 200",
                    "path": "::status is 200",
                    "id": "6210a8cd14cd70477eba5c5e4cb3fb5f",
                    "passes": 201,
                    "fails": 0
                },
                "has sum": {
                    "fails": 0,
                    "name": "has sum",
                    "path": "::has sum",
                    "id": "8710474e05a01dc8091674224550be6c",
                    "passes": 201
                }
            },
        "name": "",
        "path": ""
    },
    "metrics": {
        "http_req_receiving": {
            "min": 0,
            "med": 0.3714,
            "max": 1.1027,
            "p(90)": 0.8419,
            "p(95)": 0.9376,
            "avg": 0.3586716417910449
        },
        "http_req_failed": {
            "passes": 0,
            "fails": 201,
            "thresholds": {
                "rate<0.10": false
            },
            "value": 0
        },
        "vus_max": {
            "min": 20,
            "max": 20,
            "value": 20
        },
        "http_req_duration": {
            "avg": 3.278458706467661,
            "min": 0.6675,
            "med": 2.7616,
            "max": 7.312,
            "p(90)": 6.0292,
            "p(95)": 6.2269
        },
        "http_req_waiting": {
            "avg": 2.9041218905472643,
            "min": 0.5024,
            "med": 2.6812,
            "max": 7.312,
            "p(90)": 5.9399,
            "p(95)": 6.1038
        },
        "http_reqs": {
            "rate": 10.04737537436783,
            "count": 201
        },
        "http_req_duration{expected_response:true}": {
            "p(95)": 6.2269,
            "avg": 3.278458706467661,
            "min": 0.6675,
            "med": 2.7616,
            "max": 7.312,
            "p(90)": 6.0292
        },
        "data_sent": {
            "count": 29949,
            "rate": 1497.0589307808068
        },
        "data_received": {
            "count": 48441,
            "rate": 2421.417465222647
        },
        "iteration_duration": {
            "p(90)": 6.1038,
            "p(95)": 6.6478,
            "avg": 3.416602487562188,
            "min": 1.2184,
            "med": 2.7634,
            "max": 13.9122
        },
        "http_req_tls_handshaking": {
            "min": 0,
            "med": 0,
            "max": 0,
            "p(90)": 0,
            "p(95)": 0,
            "avg": 0
        },
        "http_req_sending": {
            "avg": 0.015665174129353233,
            "min": 0,
            "med": 0,
            "max": 0.6419,
            "p(90)": 0,
            "p(95)": 0
        },
        "http_req_blocked": {
            "p(95)": 0,
            "avg": 0.06804825870646766,
            "min": 0,
            "med": 0,
            "max": 9.7676,
            "p(90)": 0
        },
        "vus": {
            "value": 0,
            "min": 0,
            "max": 0
        },
        "http_req_connecting": {
            "min": 0,
            "med": 0,
            "max": 1.154,
            "p(90)": 0,
            "p(95)": 0,
            "avg": 0.01945323383084577
        },
        "checks": {
            "passes": 402,
            "fails": 0,
            "value": 1
        },
        "iterations": {
            "rate": 10.04737537436783,
            "count": 201
        }
    }
}