{
    "root_group": {
        "groups": {},
        "checks": {
                "status is 200": {
                    "fails": 0,
                    "name": "status is 200",
                    "path": "::status is 200",
                    "id": "6210a8cd14cd70477eba5c5e4cb3fb5f",
                    "passes": 200
                },
                "has sum": {
                    "id": "8710474e05a01dc8091674224550be6c",
                    "passes": 200,
                    "fails": 0,
                    "name": "has sum",
                    "path": "::has sum"
                }
            },
        "name": "",
        "path": "",
        "id": "d41d8cd98f00b204e9800998ecf8427e"
    },
    "metrics": {
        "data_sent": {
            "count": 29800,
            "rate": 1489.9739403557833
        },
        "vus": {
            "min": 0,
            "max": 0,
            "value": 0
        },
        "iteration_duration": {
            "avg": 3.8316505000000016,
            "min": 0.5025,
            "med": 2.82735,
            "max": 24.6854,
            "p(90)": 7.6197099999999995,
            "p(95)": 9.379764999999999
        },
        "http_req_duration{expected_response:true}": {
            "avg": 3.5897665000000023,
            "min": 0.5025,
            "med": 2.76605,
            "max": 13.018,
            "p(90)": 7.1818,
            "p(95)": 8.50605999999999
        },
        "iterations": {
            "count": 200,
            "rate": 9.999825103058948
        },
        "http_req_receiving": {
            "p(90)": 0.8107499999999997,
            "p(95)": 0.9335949999999996,
            "avg": 0.16845499999999997,
            "min": 0,
            "med": 0,
            "max": 1.5028
        },
        "data_received": {
            "count": 56400,
            "rate": 2819.9506790626233
        },
        "http_req_blocked": {
            "min": 0,
            "med": 0,
            "max": 10.8702,
            "p(90)": 0,
            "p(95)": 0,
            "avg": 0.07646950000000001
        },
        "checks": {
            "passes": 400,
            "fails": 0,
            "value": 1
        },
        "http_reqs": {
            "count": 200,
            "rate": 9.999825103058948
        },
        "http_req_duration": {
            "avg": 3.5897665000000023,
            "min": 0.5025,
            "med": 2.76605,
            "max": 13.018,
            "p(90)": 7.1818,
            "p(95)": 8.50605999999999
        },
        "http_req_tls_handshaking": {
            "avg": 0,
            "min": 0,
            "med": 0,
            "max": 0,
            "p(90)": 0,
            "p(95)": 0
        },
        "http_req_connecting": {
            "avg": 0.022317999999999998,
            "min": 0,
            "med": 0,
            "max": 0.8596,
            "p(90)": 0,
            "p(95)": 0
        },
        "http_req_sending": {
            "avg": 0.018527000000000002,
            "min": 0,
            "med": 0,
            "max": 1.0196,
            "p(90)": 0,
            "p(95)": 0
        },
        "http_req_failed": {
            "passes": 0,
            "fails": 200,
            "thresholds": {
                "rate<0.10": false
            },
            "value": 0
        },
        "http_req_waiting": {
            "avg": 3.402784500000001,
            "min": 0.5025,
            "med": 2.70395,
            "max": 12.6119,
            "p(90)": 6.66464,
            "p(95)": 8.479484999999999
        },
        "vus_max": {
            "value": 20,
            "min": 20,
            "max": 20
        }
    }
}