{
    "metrics": {
        "checks": {
            "passes": 151,
            "fails": 151,
            "value": 0.5
        },
        "http_req_blocked": {
            "avg": 0.07882582781456954,
            "min": 0,
            "med": 0,
            "max": 10.8925,
            "p(90)": 0,
            "p(95)": 0
        },
        "vus": {
            "min": 0,
            "max": 0,
            "value": 0
        },
        "http_req_receiving": {
            "min": 0,
            "med": 0,
            "max": 1.0166,
            "p(90)": 0.7199,
            "p(95)": 0.90255,
            "avg": 0.17607748344370863
        },
        "data_sent": {
            "count": 22499,
            "rate": 1495.2742481774171
        },
        "http_reqs": {
            "count": 151,
            "rate": 10.035397638774612
        },
        "vus_max": {
            "value": 20,
            "min": 20,
            "max": 20
        },
        "http_req_duration": {
            "p(90)": 54.0854,
            "p(95)": 58.25345,
            "avg": 47.89990927152318,
            "min": 26.2606,
            "med": 48.78,
            "max": 90.4182
        },
        "data_received": {
            "rate": 3251.468834962974,
            "count": 48924
        },
        "http_req_tls_handshaking": {
            "p(90)": 0,
            "p(95)": 0,
            "avg": 0,
            "min": 0,
            "med": 0,
            "max": 0
        },
        "iteration_duration": {
            "avg": 48.04669271523179,
            "min": 26.2606,
            "med": 48.8192,
            "max": 90.4182,
            "p(90)": 54.0854,
            "p(95)": 58.25345
        },
        "http_req_connecting": {
            "p(90)": 0,
            "p(95)": 0,
            "avg": 0.006747019867549668,
            "min": 0,
            "med": 0,
            "max": 0.5166
        },
        "http_req_failed": {
            "passes": 0,
            "fails": 151,
            "thresholds": {
                "rate<0.10": false
            },
            "value": 0
        },
        "iterations": {
            "rate": 10.035397638774612,
            "count": 151
        },
        "http_req_duration{expected_response:true}": {
            "p(95)": 58.25345,
            "avg": 47.89990927152318,
            "min": 26.2606,
            "med": 48.78,
            "max": 90.4182,
            "p(90)": 54.0854
        },
        "http_req_sending": {
            "avg": 0.0033642384105960267,
            "min": 0,
            "med": 0,
            "max": 0.508,
            "p(90)": 0,
            "p(95)": 0
        },
        "http_req_waiting": {
            "avg": 47.72046754966886,
            "min": 26.2606,
            "med": 48.5889,
            "max": 90.4182,
            "p(90)": 53.7077,
            "p(95)": 57.964299999999994
        }
    },
    "root_group": {
        "path": "",
        "id": "d41d8cd98f00b204e9800998ecf8427e",
        "groups": {},
        "checks": {
                "status is 200": {
                    "name": "status is 200",
                    "path": "::status is 200",
                    "id": "6210a8cd14cd70477eba5c5e4cb3fb5f",
                    "passes": 0,
                    "fails": 151
                },
                "has sum": {
                    "name": "has sum",
                    "path": "::has sum",
                    "id": "8710474e05a01dc8091674224550be6c",
                    "passes": 151,
                    "fails": 0
                }
            },
        "name": ""
    }
}