{
    "root_group": {
        "name": "",
        "path": "",
        "id": "d41d8cd98f00b204e9800998ecf8427e",
        "groups": {},
        "checks": {
                "status is 200": {
                    "path": "::status is 200",
                    "id": "6210a8cd14cd70477eba5c5e4cb3fb5f",
                    "passes": 200,
                    "fails": 0,
                    "name": "status is 200"
                },
                "has sum": {
                    "fails": 0,
                    "name": "has sum",
                    "path": "::has sum",
                    "id": "8710474e05a01dc8091674224550be6c",
                    "passes": 200
                }
            }
    },
    "metrics": {
        "data_sent": {
            "count": 29800,
            "rate": 1489.9548245697192
        },
        "iteration_duration": {
            "min": 24.6814,
            "med": 27.477800000000002,
            "max": 39.0615,
            "p(90)": 30.09482,
            "p(95)": 31.73519,
            "avg": 27.780456
        },
        "http_req_receiving": {
            "avg": 0.2565655,
            "min": 0,
            "med": 0,
            "max": 1.5057,
            "p(90)": 0.81879,
            "p(95)": 0.9991249999999999
        },
        "http_req_duration{expected_response:true}": {
            "max": 39.0379,
            "p(90)": 29.92733,
            "p(95)": 31.524809999999995,
            "avg": 27.6067685,
            "min": 24.6814,
            "med": 27.22555
        },
        "http_req_failed": {
            "passes": 0,
            "fails": 200,
            "thresholds": {
                "rate<0.10": false
            },
            "value": 0
        },
        "http_req_duration": {
            "p(95)": 31.524809999999995,
            "avg": 27.6067685,
            "min": 24.6814,
            "med": 27.22555,
            "max": 39.0379,
            "p(90)": 29.92733
        },
        "http_req_connecting": {
            "avg": 0.0128095,
            "min": 0,
            "med": 0,
            "max": 0.9995,
            "p(90)": 0,
            "p(95)": 0
        },
        "http_req_waiting": {
            "p(95)": 30.713844999999992,
            "avg": 27.334558500000004,
            "min": 24.653,
            "med": 27.0509,
            "max": 38.7303,
            "p(90)": 29.3182
        },
        "iterations": {
            "count": 200,
            "rate": 9.999696809192747
        },
        "data_received": {
            "count": 51000,
            "rate": 2549.9226863441504
        },
        "http_reqs": {
            "count": 200,
            "rate": 9.999696809192747
        },
        "http_req_blocked": {
            "max": 9.7542,
            "p(90)": 0,
            "p(95)": 0,
            "avg": 0.067131,
            "min": 0,
            "med": 0
        },
        "checks": {
            "passes": 400,
            "fails": 0,
            "value": 1
        },
        "vus_max": {
            "max": 20,
            "value": 20,
            "min": 20
        },
        "http_req_tls_handshaking": {
            "max": 0,
            "p(90)": 0,
            "p(95)": 0,
            "avg": 0,
            "min": 0,
            "med": 0
        },
        "vus": {
            "value": 0,
            "min": 0,
            "max": 0
        },
        "http_req_sending": {
            "p(95)": 0,
            "avg": 0.015644500000000002,
            "min": 0,
            "med": 0,
            "max": 1.022,
            "p(90)": 0
        }
    }
}