{
    "metrics": {
        "http_req_duration": {
            "avg": 301.9526895052478,
            "min": 299.3298,
            "med": 300.7232,
            "max": 314.9618,
            "p(90)": 308.6352,
            "p(95)": 310.3228
        },
        "http_req_sending": {
            "avg": 0.002268415792103948,
            "min": 0,
            "med": 0,
            "max": 0.657,
            "p(90)": 0,
            "p(95)": 0
        },
        "http_req_blocked": {
            "p(95)": 0,
            "avg": 0.012096751624187904,
            "min": 0,
            "med": 0,
            "max": 10.3175,
            "p(90)": 0
        },
        "http_req_connecting": {
            "med": 0,
            "max": 1.5157,
            "p(90)": 0,
            "p(95)": 0,
            "avg": 0.00475432283858071,
            "min": 0
        },
        "iteration_duration": {
            "avg": 312.3392111444281,
            "min": 309.8715,
            "med": 311.0779,
            "max": 328.979,
            "p(90)": 319.316,
            "p(95)": 320.6916
        },
        "http_req_waiting": {
            "med": 300.6719,
            "max": 314.9618,
            "p(90)": 308.5354,
            "p(95)": 310.1423,
            "avg": 301.8735038480764,
            "min": 299.3298
        },
        "iterations": {
            "count": 2001,
            "rate": 98.50113321344942
        },
        "data_received": {
            "count": 580290,
            "rate": 28565.328631900335
        },
        "http_req_tls_handshaking": {
            "max": 0,
            "p(90)": 0,
            "p(95)": 0,
            "avg": 0,
            "min": 0,
            "med": 0
        },
        "checks": {
            "passes": 2001,
            "fails": 2001,
            "value": 0.5
        },
        "http_req_receiving": {
            "avg": 0.0769172413793104,
            "min": 0,
            "med": 0,
            "max": 1.0254,
            "p(90)": 0.5031,
            "p(95)": 0.6169
        },
        "vus_max": {
            "value": 200,
            "min": 200,
            "max": 200
        },
        "vus": {
            "value": 31,
            "min": 31,
            "max": 31
        },
        "data_sent": {
            "count": 190095,
            "rate": 9357.607655277696
        },
        "http_req_duration{expected_response:true}": {
            "min": 299.3298,
            "med": 300.7232,
            "max": 314.9618,
            "p(90)": 308.6352,
            "p(95)": 310.3228,
            "avg": 301.9526895052478
        },
        "http_req_failed": {
            "passes": 0,
            "fails": 2001,
            "thresholds": {
                "rate<0.05": false
            },
            "value": 0
        },
        "http_reqs": {
            "count": 2001,
            "rate": 98.50113321344942
        }
    },
    "root_group": {
        "id": "d41d8cd98f00b204e9800998ecf8427e",
        "groups": {},
        "checks": {
                "status is 200": {
                    "fails": 0,
                    "name": "status is 200",
                    "path": "::status is 200",
                    "id": "6210a8cd14cd70477eba5c5e4cb3fb5f",
                    "passes": 2001
                },
                "simulated io": {
                    "name": "simulated io",
                    "path": "::simulated io",
                    "id": "930dc4eba98b86666f0b86a463d84734",
                    "passes": 0,
                    "fails": 2001
                }
            },
        "name": "",
        "path": ""
    }
}