{
    "metrics": {
        "http_req_duration{expected_response:true}": {
            "max": 41.7936,
            "p(90)": 16.242,
            "p(95)": 24.1422,
            "avg": 12.472197014925383,
            "min": 7.5275,
            "med": 11.2234
        },
        "http_req_duration": {
            "p(95)": 24.1422,
            "avg": 12.472197014925383,
            "min": 7.5275,
            "med": 11.2234,
            "max": 41.7936,
            "p(90)": 16.242
        },
        "http_req_tls_handshaking": {
            "med": 0,
            "max": 0,
            "p(90)": 0,
            "p(95)": 0,
            "avg": 0,
            "min": 0
        },
        "data_received": {
            "count": 752544,
            "rate": 37601.94521752383
        },
        "checks": {
            "passes": 402,
            "fails": 0,
            "value": 1
        },
        "http_reqs": {
            "count": 201,
            "rate": 10.043254598697605
        },
        "http_req_sending": {
            "p(95)": 11.6804,
            "avg": 3.7382014925373155,
            "min": 1.0391,
            "med": 2.6541,
            "max": 25.1839,
            "p(90)": 5.1515
        },
        "http_req_receiving": {
            "min": 0,
            "med": 0,
            "max": 1.5037,
            "p(90)": 0.7687,
            "p(95)": 0.8994,
            "avg": 0.2285825870646766
        },
        "iteration_duration": {
            "avg": 13.311035323383095,
            "min": 7.6379,
            "med": 12.1266,
            "max": 46.4875,
            "p(90)": 18.074,
            "p(95)": 25.1624
        },
        "iterations": {
            "count": 201,
            "rate": 10.043254598697605
        },
        "http_req_waiting": {
            "avg": 8.505412935323386,
            "min": 6.0498,
            "med": 7.9277,
            "max": 37.6922,
            "p(90)": 10.3265,
            "p(95)": 11.3012
        },
        "vus": {
            "value": 0,
            "min": 0,
            "max": 0
        },
        "data_sent": {
            "count": 327023382,
            "rate": 16340194.453498226
        },
        "vus_max": {
            "value": 20,
            "min": 20,
            "max": 20
        },
        "http_req_failed": {
            "passes": 0,
            "fails": 201,
            "thresholds": {
                "rate<0.10": false
            },
            "value": 0
        },
        "http_req_connecting": {
            "avg": 0.06756467661691543,
            "min": 0,
            "med": 0,
            "max": 1.4015,
            "p(90)": 0,
            "p(95)": 0.6357
        },
        "http_req_blocked": {
            "max": 9.7196,
            "p(90)": 0,
            "p(95)": 0.9982,
            "avg": 0.13763283582089555,
            "min": 0,
            "med": 0
        }
    },
    "root_group": {
        "name": "",
        "path": "",
        "id": "d41d8cd98f00b204e9800998ecf8427e",
        "groups": {},
        "checks": {
                "status is 200": {
                    "path": "::status is 200",
                    "id": "6210a8cd14cd70477eba5c5e4cb3fb5f",
                    "passes": 201,
                    "fails": 0,
                    "name": "status is 200"
                },
                "has checksum": {
                    "name": "has checksum",
                    "path": "::has checksum",
                    "id": "3ab5abdfefc88e5b5ad0aaeaccf38dfe",
                    "passes": 201,
                    "fails": 0
                }
            }
    }
}