{
    "metrics": {
        "checks": {
            "passes": 10001,
            "fails": 10001,
            "value": 0.5
        },
        "http_req_receiving": {
            "avg": 0.0550333466653335,
            "min": 0,
            "med": 0,
            "max": 5.8754,
            "p(90)": 0,
            "p(95)": 0.5189
        },
        "http_req_failed": {
            "passes": 0,
            "fails": 10001,
            "thresholds": {
                "rate<0.05": false
            },
            "value": 0
        },
        "data_sent": {
            "count": 950095,
            "rate": 46760.91408603688
        },
        "vus": {
            "value": 155,
            "min": 155,
            "max": 157
        },
        "http_req_waiting": {
            "max": 321.7935,
            "p(90)": 301.7104,
            "p(95)": 302.4814,
            "avg": 300.7015615138482,
            "min": 298.5779,
            "med": 300.3259
        },
        "http_reqs": {
            "count": 10001,
            "rate": 492.22014827407247
        },
        "http_req_connecting": {
            "min": 0,
            "med": 0,
            "max": 1.0362,
            "p(90)": 0,
            "p(95)": 0,
            "avg": 0.0017601639836016402
        },
        "http_req_sending": {
            "avg": 0.0021291870812918706,
            "min": 0,
            "med": 0,
            "max": 3.057,
            "p(90)": 0,
            "p(95)": 0
        },
        "data_received": {
            "count": 2900290,
            "rate": 142743.842999481
        },
        "iterations": {
            "rate": 492.22014827407247,
            "count": 10001
        },
        "vus_max": {
            "value": 1000,
            "min": 1000,
            "max": 1000
        },
        "http_req_tls_handshaking": {
            "min": 0,
            "med": 0,
            "max": 0,
            "p(90)": 0,
            "p(95)": 0,
            "avg": 0
        },
        "iteration_duration": {
            "med": 310.8194,
            "max": 344.0543,
            "p(90)": 312.2682,
            "p(95)": 313.1783,
            "avg": 311.20583634636625,
            "min": 308.8985
        },
        "http_req_blocked": {
            "med": 0,
            "max": 11.8297,
            "p(90)": 0,
            "p(95)": 0,
            "avg": 0.014339466053394657,
            "min": 0
        },
        "http_req_duration{expected_response:true}": {
            "avg": 300.75872404759497,
            "min": 298.5779,
            "med": 300.395,
            "max": 321.7935,
            "p(90)": 301.7821,
            "p(95)": 302.5919
        },
        "http_req_duration": {
            "p(95)": 302.5919,
            "avg": 300.75872404759497,
            "min": 298.5779,
            "med": 300.395,
            "max": 321.7935,
            "p(90)": 301.7821
        }
    },
    "root_group": {
        "name": "",
        "path": "",
        "id": "d41d8cd98f00b204e9800998ecf8427e",
        "groups": {},
        "checks": {
                "status is 200": {
                    "passes": 10001,
                    "fails": 0,
                    "name": "status is 200",
                    "path": "::status is 200",
                    "id": "6210a8cd14cd70477eba5c5e4cb3fb5f"
                },
                "simulated io": {
                    "name": "simulated io",
                    "path": "::simulated io",
                    "id": "930dc4eba98b86666f0b86a463d84734",
                    "passes": 0,
                    "fails": 10001
                }
            }
    }
}