{
    "root_group": {
        "path": "",
        "id": "d41d8cd98f00b204e9800998ecf8427e",
        "groups": {},
        "checks": {
                "status is 200": {
                    "name": "status is 200",
                    "path": "::status is 200",
                    "id": "6210a8cd14cd70477eba5c5e4cb3fb5f",
                    "passes": 0,
                    "fails": 601
                },
                "has sum": {
                    "path": "::has sum",
                    "id": "8710474e05a01dc8091674224550be6c",
                    "passes": 601,
                    "fails": 0,
                    "name": "has sum"
                }
            },
        "name": ""
    },
    "metrics": {
        "http_req_receiving": {
            "avg": 0.1610284525790348,
            "min": 0,
            "med": 0,
            "max": 1.5041,
            "p(90)": 0.7156,
            "p(95)": 0.9348
        },
        "http_req_failed": {
            "passes": 0,
            "fails": 601,
            "thresholds": {
                "rate<0.10": false
            },
            "value": 0
        },
        "http_req_duration{expected_response:true}": {
            "med": 24.8981,
            "max": 40.0348,
            "p(90)": 26.7905,
            "p(95)": 27.6336,
            "avg": 25.256040099833594,
            "min": 22.6052
        },
        "data_received": {
            "count": 194724,
            "rate": 9723.949379613588
        },
        "http_reqs": {
            "count": 601,
            "rate": 30.012189443251813
        },
        "http_req_duration": {
            "max": 40.0348,
            "p(90)": 26.7905,
            "p(95)": 27.6336,
            "avg": 25.256040099833594,
            "min": 22.6052,
            "med": 24.8981
        },
        "checks": {
            "passes": 601,
            "fails": 601,
            "value": 0.5
        },
        "http_req_connecting": {
            "max": 0.52,
            "p(90)": 0,
            "p(95)": 0,
            "avg": 0.006756073211314475,
            "min": 0,
            "med": 0
        },
        "vus": {
            "value": 0,
            "min": 0,
            "max": 0
        },
        "http_req_tls_handshaking": {
            "max": 0,
            "p(90)": 0,
            "p(95)": 0,
            "avg": 0,
            "min": 0,
            "med": 0
        },
        "http_req_sending": {
            "med": 0,
            "max": 0.5038,
            "p(90)": 0,
            "p(95)": 0,
            "avg": 0.0016742096505823628,
            "min": 0
        },
        "iterations": {
            "count": 601,
            "rate": 30.012189443251813
        },
        "vus_max": {
            "value": 60,
            "min": 60,
            "max": 60
        },
        "data_sent": {
            "count": 89549,
            "rate": 4471.81622704452
        },
        "http_req_blocked": {
            "avg": 0.02308618968386023,
            "min": 0,
            "med": 0,
            "max": 9.8306,
            "p(90)": 0,
            "p(95)": 0
        },
        "http_req_waiting": {
            "min": 22.6052,
            "med": 24.757,
            "max": 40.0348,
            "p(90)": 26.6096,
            "p(95)": 27.5731,
            "avg": 25.09333743760398
        },
        "iteration_duration": {
            "max": 49.5854,
            "p(90)": 26.8573,
            "p(95)": 27.8194,
            "avg": 25.41555141430947,
            "min": 22.6052,
            "med": 25.0164
        }
    }
}