{
    "root_group": {
        "name": "",
        "path": "",
        "id": "d41d8cd98f00b204e9800998ecf8427e",
        "groups": {},
        "checks": {
                "status is 200": {
                    "passes": 20000,
                    "fails": 0,
                    "name": "status is 200",
                    "path": "::status is 200",
                    "id": "6210a8cd14cd70477eba5c5e4cb3fb5f"
                },
                "has status field": {
                    "name": "has status field",
                    "path": "::has status field",
                    "id": "284cbdc4479f7c4119a0c0ed4944a6e1",
                    "passes": 20000,
                    "fails": 0
                }
            }
    },
    "metrics": {
        "http_req_receiving": {
            "avg": 0.008548864999999996,
            "min": 0,
            "med": 0,
            "max": 1.1194,
            "p(90)": 0,
            "p(95)": 0
        },
        "vus_max": {
            "value": 500,
            "min": 500,
            "max": 500
        },
        "http_req_connecting": {
            "max": 1.5082,
            "p(90)": 0,
            "p(95)": 0,
            "avg": 0.0009340450000000001,
            "min": 0,
            "med": 0
        },
        "checks": {
            "passes": 40000,
            "fails": 0,
            "value": 1
        },
        "http_req_blocked": {
            "max": 10.4924,
            "p(90)": 0,
            "p(95)": 0,
            "avg": 0.0068526950000000015,
            "min": 0,
            "med": 0
        },
        "vus": {
            "value": 0,
            "min": 0,
            "max": 1
        },
        "http_req_failed": {
            "passes": 0,
            "fails": 20000,
            "thresholds": {
                "rate<0.10": false
            },
            "value": 0
        },
        "http_req_duration{expected_response:true}": {
            "min": 0,
            "med": 0,
            "max": 5.6134,
            "p(90)": 0,
            "p(95)": 0.5064,
            "avg": 0.04218734499999988
        },
        "http_req_sending": {
            "avg": 0.00038762,
            "min": 0,
            "med": 0,
            "max": 0.7723,
            "p(90)": 0,
            "p(95)": 0
        },
        "data_received": {
            "count": 6040000,
            "rate": 301990.17776946805
        },
        "data_sent": {
            "count": 1600000,
            "rate": 79997.3980846273
        },
        "http_reqs": {
            "count": 20000,
            "rate": 999.9674760578413
        },
        "http_req_waiting": {
            "med": 0,
            "max": 5.6134,
            "p(90)": 0,
            "p(95)": 0,
            "avg": 0.03325085999999991,
            "min": 0
        },
        "iterations": {
            "count": 20000,
            "rate": 999.9674760578413
        },
        "http_req_duration": {
            "med": 0,
            "max": 5.6134,
            "p(90)": 0,
            "p(95)": 0.5064,
            "avg": 0.04218734499999988,
            "min": 0
        },
        "http_req_tls_handshaking": {
            "p(95)": 0,
            "avg": 0,
            "min": 0,
            "med": 0,
            "max": 0,
            "p(90)": 0
        },
        "iteration_duration": {
            "p(90)": 0,
            "p(95)": 0.5303049999999999,
            "avg": 0.06771566999999995,
            "min": 0,
            "med": 0,
            "max": 16.1058
        }
    }
}