{
    "root_group": {
        "name": "",
        "path": "",
        "id": "d41d8cd98f00b204e9800998ecf8427e",
        "groups": {},
        "checks": {
                "status is 200": {
                    "id": "6210a8cd14cd70477eba5c5e4cb3fb5f",
                    "passes": 151,
                    "fails": 0,
                    "name": "status is 200",
                    "path": "::status is 200"
                },
                "has checksum": {
                    "name": "has checksum",
                    "path": "::has checksum",
                    "id": "3ab5abdfefc88e5b5ad0aaeaccf38dfe",
                    "passes": 151,
                    "fails": 0
                }
            }
    },
    "metrics": {
        "http_req_sending": {
            "avg": 1.326903973509934,
            "min": 0,
            "med": 0.8442,
            "max": 17.9355,
            "p(90)": 1.2903,
            "p(95)": 2.1470000000000002
        },
        "http_req_waiting": {
            "avg": 6.179289403973507,
            "min": 4.4205,
            "med": 5.5408,
            "max": 30.6353,
            "p(90)": 7.162,
            "p(95)": 8.443000000000001
        },
        "checks": {
            "passes": 302,
            "fails": 0,
            "value": 1
        },
        "data_received": {
            "count": 559002,
            "rate": 37248.33947463411
        },
        "iteration_duration": {
            "p(90)": 9.1638,
            "p(95)": 18.8881,
            "avg": 8.061454304635763,
            "min": 5.1323,
            "med": 6.8559,
            "max": 32.3646
        },
        "iterations": {
            "count": 151,
            "rate": 10.061680030965453
        },
        "http_req_connecting": {
            "avg": 0.04961059602649007,
            "min": 0,
            "med": 0,
            "max": 0.7432,
            "p(90)": 0,
            "p(95)": 0.5892
        },
        "http_req_duration{expected_response:true}": {
            "avg": 7.816468874172186,
            "min": 5.1323,
            "med": 6.6672,
            "max": 31.6885,
            "p(90)": 9.0795,
            "p(95)": 16.24035
        },
        "http_req_receiving": {
            "med": 0,
            "max": 1.2072,
            "p(90)": 0.8732,
            "p(95)": 0.96075,
            "avg": 0.3102754966887417,
            "min": 0
        },
        "http_reqs": {
            "count": 151,
            "rate": 10.061680030965453
        },
        "http_req_duration": {
            "max": 31.6885,
            "p(90)": 9.0795,
            "p(95)": 16.24035,
            "avg": 7.816468874172186,
            "min": 5.1323,
            "med": 6.6672
        },
        "http_req_failed": {
            "fails": 151,
            "passes": 0,
            "thresholds": {
                "rate<0.10": false
            },
            "value": 0
        },
        "vus": {
            "value": 0,
            "min": 0,
            "max": 0
        },
        "vus_max": {
            "value": 20,
            "min": 20,
            "max": 20
        },
        "http_req_blocked": {
            "min": 0,
            "med": 0,
            "max": 9.8086,
            "p(90)": 0,
            "p(95)": 0.6329,
            "avg": 0.11456821192052981
        },
        "http_req_tls_handshaking": {
            "avg": 0,
            "min": 0,
            "med": 0,
            "max": 0,
            "p(90)": 0,
            "p(95)": 0
        },
        "data_sent": {
            "count": 163681282,
            "rate": 10906680.043325994
        }
    }
}