{
    "root_group": {
        "name": "",
        "path": "",
        "id": "d41d8cd98f00b204e9800998ecf8427e",
        "groups": {},
        "checks": {
                "status is 200": {
                    "passes": 601,
                    "fails": 0,
                    "name": "status is 200",
                    "path": "::status is 200",
                    "id": "6210a8cd14cd70477eba5c5e4cb3fb5f"
                },
                "has sum": {
                    "name": "has sum",
                    "path": "::has sum",
                    "id": "8710474e05a01dc8091674224550be6c",
                    "passes": 601,
                    "fails": 0
                }
            }
    },
    "metrics": {
        "data_sent": {
            "count": 89549,
            "rate": 4471.683808445848
        },
        "http_req_tls_handshaking": {
            "p(90)": 0,
            "p(95)": 0,
            "avg": 0,
            "min": 0,
            "med": 0,
            "max": 0
        },
        "http_reqs": {
            "count": 601,
            "rate": 30.01130072782448
        },
        "http_req_blocked": {
            "p(95)": 0,
            "avg": 0.018796339434276207,
            "min": 0,
            "med": 0,
            "max": 9.768,
            "p(90)": 0
        },
        "checks": {
            "passes": 1202,
            "fails": 0,
            "value": 1
        },
        "http_req_duration": {
            "med": 25.3153,
            "max": 42.0738,
            "p(90)": 26.9169,
            "p(95)": 28.2231,
            "avg": 25.546212146422626,
            "min": 22.897
        },
        "iteration_duration": {
            "min": 22.897,
            "med": 25.3562,
            "max": 42.0738,
            "p(90)": 27.0574,
            "p(95)": 28.2231,
            "avg": 25.659666389351074
        },
        "http_req_waiting": {
            "avg": 25.29664958402662,
            "min": 22.7164,
            "med": 25.0609,
            "max": 41.6777,
            "p(90)": 26.7342,
            "p(95)": 27.9562
        },
        "data_received": {
            "rate": 7652.881685595243,
            "count": 153255
        },
        "iterations": {
            "count": 601,
            "rate": 30.01130072782448
        },
        "http_req_sending": {
            "p(90)": 0,
            "p(95)": 0,
            "avg": 0.0017048252911813643,
            "min": 0,
            "med": 0,
            "max": 0.5215
        },
        "http_req_duration{expected_response:true}": {
            "max": 42.0738,
            "p(90)": 26.9169,
            "p(95)": 28.2231,
            "avg": 25.546212146422626,
            "min": 22.897,
            "med": 25.3153
        },
        "vus_max": {
            "max": 60,
            "value": 60,
            "min": 60
        },
        "http_req_connecting": {
            "min": 0,
            "med": 0,
            "max": 0.504,
            "p(90)": 0,
            "p(95)": 0,
            "avg": 0.0008386023294509151
        },
        "vus": {
            "value": 0,
            "min": 0,
            "max": 1
        },
        "http_req_failed": {
            "passes": 0,
            "fails": 601,
            "thresholds": {
                "rate<0.10": false
            },
            "value": 0
        },
        "http_req_receiving": {
            "med": 0,
            "max": 1.0704,
            "p(90)": 0.8159,
            "p(95)": 0.9273,
            "avg": 0.24785773710482548,
            "min": 0
        }
    }
}