{
    "root_group": {
        "checks": {
            "status is 200": {
                "name": "status is 200",
                "path": "::status is 200",
                "id": "6210a8cd14cd70477eba5c5e4cb3fb5f",
                "passes": 401,
                "fails": 0
            },
            "has hash": {
                "name": "has hash",
                "path": "::has hash",
                "id": "4fad9de81b8c318fd2fdd5e4304fb822",
                "passes": 401,
                "fails": 0
            }
        },
        "name": "",
        "path": "",
        "id": "d41d8cd98f00b204e9800998ecf8427e",
        "groups": {}
    },
    "metrics": {
        "http_req_duration{expected_response:true}": {
            "p(90)": 65.3255,
            "p(95)": 68.1465,
            "avg": 50.78413042394013,
            "min": 23.7262,
            "med": 53.9064,
            "max": 110.1548
        },
        "http_req_sending": {
            "min": 0,
            "med": 0,
            "max": 2.02,
            "p(90)": 0,
            "p(95)": 0,
            "avg": 0.007571571072319202
        },
        "http_req_failed": {
            "passes": 0,
            "fails": 401,
            "thresholds": {
                "rate<0.10": false
            },
            "value": 0
        },
        "data_received": {
            "count": 141553,
            "rate": 7058.217351279543
        },
        "iteration_duration": {
            "p(90)": 65.3313,
            "p(95)": 68.2235,
            "avg": 50.93758279301745,
            "min": 23.7262,
            "med": 53.9709,
            "max": 110.1548
        },
        "vus": {
            "value": 1,
            "min": 0,
            "max": 1
        },
        "http_req_connecting": {
            "med": 0,
            "max": 0.54,
            "p(90)": 0,
            "p(95)": 0,
            "avg": 0.007698004987531172,
            "min": 0
        },
        "http_req_tls_handshaking": {
            "p(90)": 0,
            "p(95)": 0,
            "avg": 0,
            "min": 0,
            "med": 0,
            "max": 0
        },
        "http_req_receiving": {
            "avg": 0.12121695760598507,
            "min": 0,
            "med": 0,
            "max": 1.507,
            "p(90)": 0.5551,
            "p(95)": 0.8031
        },
        "iterations": {
            "count": 401,
            "rate": 19.99495000362477
        },
        "http_req_duration": {
            "max": 110.1548,
            "p(90)": 65.3255,
            "p(95)": 68.1465,
            "avg": 50.78413042394013,
            "min": 23.7262,
            "med": 53.9064
        },
        "checks": {
            "passes": 802,
            "fails": 0,
            "value": 1
        },
        "data_sent": {
            "count": 80200,
            "rate": 3998.990000724954
        },
        "http_req_blocked": {
            "avg": 0.03617032418952618,
            "min": 0,
            "med": 0,
            "max": 10.9122,
            "p(90)": 0,
            "p(95)": 0
        },
        "http_req_waiting": {
            "min": 23.7262,
            "med": 53.8294,
            "max": 110.1548,
            "p(90)": 65.3255,
            "p(95)": 68.1465,
            "avg": 50.65534189526181
        },
        "http_reqs": {
            "count": 401,
            "rate": 19.99495000362477
        },
        "vus_max": {
            "value": 40,
            "min": 40,
            "max": 40
        }
    }
}