{
    "root_group": {
        "name": "",
        "path": "",
        "id": "d41d8cd98f00b204e9800998ecf8427e",
        "groups": {},
        "checks": {
                "status is 200": {
                    "name": "status is 200",
                    "path": "::status is 200",
                    "id": "6210a8cd14cd70477eba5c5e4cb3fb5f",
                    "passes": 0,
                    "fails": 151
                },
                "has sum": {
                    "name": "has sum",
                    "path": "::has sum",
                    "id": "8710474e05a01dc8091674224550be6c",
                    "passes": 151,
                    "fails": 0
                }
            }
    },
    "metrics": {
        "http_req_duration": {
            "avg": 2.773392052980134,
            "min": 0.5026,
            "med": 2.5673,
            "max": 12.0314,
            "p(90)": 4.9708,
            "p(95)": 6.479850000000001
        },
        "http_req_duration{expected_response:true}": {
            "min": 0.5026,
            "med": 2.5673,
            "max": 12.0314,
            "p(90)": 4.9708,
            "p(95)": 6.479850000000001,
            "avg": 2.773392052980134
        },
        "http_req_tls_handshaking": {
            "avg": 0,
            "min": 0,
            "med": 0,
            "max": 0,
            "p(90)": 0,
            "p(95)": 0
        },
        "http_reqs": {
            "count": 151,
            "rate": 10.064842850043288
        },
        "data_sent": {
            "count": 22499,
            "rate": 1499.6615846564498
        },
        "data_received": {
            "count": 46810,
            "rate": 3120.101283513419
        },
        "checks": {
            "passes": 151,
            "fails": 151,
            "value": 0.5
        },
        "http_req_blocked": {
            "avg": 0.08728145695364237,
            "min": 0,
            "med": 0,
            "max": 9.7016,
            "p(90)": 0,
            "p(95)": 0
        },
        "iteration_duration": {
            "min": 0.5026,
            "med": 2.6057,
            "max": 21.733,
            "p(90)": 5.4644,
            "p(95)": 7.0011,
            "avg": 2.994743708609272
        },
        "http_req_waiting": {
            "avg": 2.6517655629139076,
            "min": 0.5026,
            "med": 2.3885,
            "max": 12.0314,
            "p(90)": 4.4682,
            "p(95)": 6.29425
        },
        "vus": {
            "max": 0,
            "value": 0,
            "min": 0
        },
        "vus_max": {
            "min": 20,
            "max": 20,
            "value": 20
        },
        "iterations": {
            "count": 151,
            "rate": 10.064842850043288
        },
        "http_req_receiving": {
            "p(95)": 0.6892,
            "avg": 0.11351788079470197,
            "min": 0,
            "med": 0,
            "max": 1.675,
            "p(90)": 0.5095
        },
        "http_req_failed": {
            "passes": 0,
            "fails": 151,
            "thresholds": {
                "rate<0.10": false
            },
            "value": 0
        },
        "http_req_connecting": {
            "p(90)": 0,
            "p(95)": 0,
            "avg": 0.02632119205298013,
            "min": 0,
            "med": 0,
            "max": 1
        },
        "http_req_sending": {
            "avg": 0.008108609271523178,
            "min": 0,
            "med": 0,
            "max": 0.721,
            "p(90)": 0,
            "p(95)": 0
        }
    }
}