{
    "metrics": {
        "data_received": {
            "count": 110467,
            "rate": 7362.486893940886
        },
        "http_req_failed": {
            "fails": 301,
            "passes": 0,
            "thresholds": {
                "rate<0.10": false
            },
            "value": 0
        },
        "http_req_blocked": {
            "avg": 0.07836179401993355,
            "min": 0,
            "med": 0,
            "max": 9.8957,
            "p(90)": 0,
            "p(95)": 0.5026
        },
        "iterations": {
            "count": 301,
            "rate": 20.06127219057462
        },
        "vus": {
            "max": 0,
            "value": 0,
            "min": 0
        },
        "http_req_receiving": {
            "avg": 0.36546112956810645,
            "min": 0,
            "med": 0.3493,
            "max": 1.5572,
            "p(90)": 0.8962,
            "p(95)": 0.9965
        },
        "http_req_duration{expected_response:true}": {
            "avg": 1.9178700996677742,
            "min": 0.5022,
            "med": 1.4581,
            "max": 11.1216,
            "p(90)": 3.7114,
            "p(95)": 4.8576
        },
        "http_req_tls_handshaking": {
            "med": 0,
            "max": 0,
            "p(90)": 0,
            "p(95)": 0,
            "avg": 0,
            "min": 0
        },
        "http_req_sending": {
            "p(90)": 0,
            "p(95)": 0,
            "avg": 0.02061129568106312,
            "min": 0,
            "med": 0,
            "max": 1.0169
        },
        "http_reqs": {
            "count": 301,
            "rate": 20.06127219057462
        },
        "http_req_waiting": {
            "avg": 1.5317976744186044,
            "min": 0.5018,
            "med": 0.7765,
            "max": 10.6544,
            "p(90)": 3.296,
            "p(95)": 4.7004
        },
        "data_sent": {
            "count": 60200,
            "rate": 4012.254438114924
        },
        "http_req_duration": {
            "avg": 1.9178700996677742,
            "min": 0.5022,
            "med": 1.4581,
            "max": 11.1216,
            "p(90)": 3.7114,
            "p(95)": 4.8576
        },
        "checks": {
            "fails": 301,
            "passes": 301,
            "value": 0.5
        },
        "iteration_duration": {
            "min": 0.504,
            "med": 1.5051,
            "max": 21.0173,
            "p(90)": 4.1839,
            "p(95)": 5.5623,
            "avg": 2.1632797342192713
        },
        "vus_max": {
            "value": 40,
            "min": 40,
            "max": 40
        },
        "http_req_connecting": {
            "max": 1.4024,
            "p(90)": 0,
            "p(95)": 0,
            "avg": 0.033933222591362125,
            "min": 0,
            "med": 0
        }
    },
    "root_group": {
        "name": "",
        "path": "",
        "id": "d41d8cd98f00b204e9800998ecf8427e",
        "groups": {},
        "checks": {
                "status is 200": {
                    "path": "::status is 200",
                    "id": "6210a8cd14cd70477eba5c5e4cb3fb5f",
                    "passes": 0,
                    "fails": 301,
                    "name": "status is 200"
                },
                "has hash": {
                    "passes": 301,
                    "fails": 0,
                    "name": "has hash",
                    "path": "::has hash",
                    "id": "4fad9de81b8c318fd2fdd5e4304fb822"
                }
            }
    }
}