{
    "metrics": {
        "http_req_receiving": {
            "p(90)": 0.5035,
            "p(95)": 0.51512,
            "avg": 0.07225214999999999,
            "min": 0,
            "med": 0,
            "max": 1.2015
        },
        "iteration_duration": {
            "avg": 0.3611863999999995,
            "min": 0,
            "med": 0.5039,
            "max": 10.9706,
            "p(90)": 0.7257100000000002,
            "p(95)": 0.9000899999999998
        },
        "vus": {
            "max": 0,
            "value": 0,
            "min": 0
        },
        "http_req_duration{expected_response:true}": {
            "avg": 0.23228890000000002,
            "min": 0,
            "med": 0,
            "max": 5.0154,
            "p(90)": 0.6722700000000003,
            "p(95)": 0.8275149999999999
        },
        "checks": {
            "passes": 4000,
            "fails": 0,
            "value": 1
        },
        "http_req_blocked": {
            "med": 0,
            "max": 9.9651,
            "p(90)": 0,
            "p(95)": 0,
            "avg": 0.009674249999999999,
            "min": 0
        },
        "http_req_tls_handshaking": {
            "avg": 0,
            "min": 0,
            "med": 0,
            "max": 0,
            "p(90)": 0,
            "p(95)": 0
        },
        "http_req_failed": {
            "passes": 0,
            "fails": 2000,
            "thresholds": {
                "rate<0.10": false
            },
            "value": 0
        },
        "http_reqs": {
            "count": 2000,
            "rate": 99.99389937219931
        },
        "http_req_duration": {
            "p(95)": 0.8275149999999999,
            "avg": 0.23228890000000002,
            "min": 0,
            "med": 0,
            "max": 5.0154,
            "p(90)": 0.6722700000000003
        },
        "iterations": {
            "count": 2000,
            "rate": 99.99389937219931
        },
        "vus_max": {
            "value": 100,
            "min": 100,
            "max": 100
        },
        "data_sent": {
            "count": 160000,
            "rate": 7999.511949775944
        },
        "http_req_connecting": {
            "avg": 0.0034220500000000003,
            "min": 0,
            "med": 0,
            "max": 0.6689,
            "p(90)": 0,
            "p(95)": 0
        },
        "http_req_waiting": {
            "min": 0,
            "med": 0,
            "max": 5.0154,
            "p(90)": 0.526,
            "p(95)": 0.67096,
            "avg": 0.15799165000000004
        },
        "data_received": {
            "count": 604000,
            "rate": 30198.157610404192
        },
        "http_req_sending": {
            "p(95)": 0,
            "avg": 0.0020450999999999998,
            "min": 0,
            "med": 0,
            "max": 0.5223,
            "p(90)": 0
        }
    },
    "root_group": {
        "checks": {
            "status is 200": {
                "path": "::status is 200",
                "id": "6210a8cd14cd70477eba5c5e4cb3fb5f",
                "passes": 2000,
                "fails": 0,
                "name": "status is 200"
            },
            "has status field": {
                "id": "284cbdc4479f7c4119a0c0ed4944a6e1",
                "passes": 2000,
                "fails": 0,
                "name": "has status field",
                "path": "::has status field"
            }
        },
        "name": "",
        "path": "",
        "id": "d41d8cd98f00b204e9800998ecf8427e",
        "groups": {}
    }
}