{
    "root_group": {
        "name": "",
        "path": "",
        "id": "d41d8cd98f00b204e9800998ecf8427e",
        "groups": {},
        "checks": {
                "status is 200": {
                    "path": "::status is 200",
                    "id": "6210a8cd14cd70477eba5c5e4cb3fb5f",
                    "passes": 138,
                    "fails": 13,
                    "name": "status is 200"
                },
                "has sum": {
                    "name": "has sum",
                    "path": "::has sum",
                    "id": "8710474e05a01dc8091674224550be6c",
                    "passes": 138,
                    "fails": 13
                }
            }
    },
    "metrics": {
        "http_req_sending": {
            "min": 0,
            "med": 0,
            "max": 0.8073,
            "p(90)": 0,
            "p(95)": 0,
            "avg": 0.015379470198675499
        },
        "http_req_receiving": {
            "avg": 0.24309403973509933,
            "min": 0,
            "med": 0,
            "max": 1.0149,
            "p(90)": 0.8032,
            "p(95)": 0.8977999999999999
        },
        "data_received": {
            "rate": 2594.115027817144,
            "count": 38916
        },
        "iteration_duration": {
            "avg": 2.369098675496689,
            "min": 0,
            "med": 1.8227,
            "max": 16.8303,
            "p(90)": 3.3474,
            "p(95)": 4.8694500000000005
        },
        "http_req_failed": {
            "passes": 13,
            "fails": 138,
            "thresholds": {
                "rate<0.10": false
            },
            "value": 0.08609271523178808
        },
        "http_req_connecting": {
            "med": 0,
            "max": 1.4982,
            "p(90)": 0,
            "p(95)": 0.47465,
            "avg": 0.04320331125827814,
            "min": 0
        },
        "iterations": {
            "count": 151,
            "rate": 10.065560931246498
        },
        "http_req_duration{expected_response:true}": {
            "p(95)": 3.9661100000000027,
            "avg": 2.2644485507246395,
            "min": 0.5053,
            "med": 1.8327,
            "max": 16.8303,
            "p(90)": 3.1469
        },
        "checks": {
            "passes": 276,
            "fails": 26,
            "value": 0.9139072847682119
        },
        "data_sent": {
            "count": 20562,
            "rate": 1370.6494295913278
        },
        "http_req_blocked": {
            "avg": 0.12166291390728476,
            "min": 0,
            "med": 0,
            "max": 10.4906,
            "p(90)": 0,
            "p(95)": 0.5103500000000001
        },
        "http_req_waiting": {
            "p(90)": 2.7595,
            "p(95)": 3.49485,
            "avg": 1.8110225165562903,
            "min": 0,
            "med": 1.5385,
            "max": 16.0329
        },
        "http_req_duration": {
            "p(90)": 3.1238,
            "p(95)": 3.8559,
            "avg": 2.069496026490068,
            "min": 0,
            "med": 1.6984,
            "max": 16.8303
        },
        "vus": {
            "max": 0,
            "value": 0,
            "min": 0
        },
        "http_reqs": {
            "count": 151,
            "rate": 10.065560931246498
        },
        "http_req_tls_handshaking": {
            "min": 0,
            "med": 0,
            "max": 0,
            "p(90)": 0,
            "p(95)": 0,
            "avg": 0
        },
        "vus_max": {
            "value": 20,
            "min": 20,
            "max": 20
        }
    }
}