{
    "metrics": {
        "vus": {
            "value": 0,
            "min": 0,
            "max": 0
        },
        "data_received": {
            "count": 144841,
            "rate": 7240.906841832346
        },
        "iterations": {
            "count": 601,
            "rate": 30.04525660511347
        },
        "http_req_waiting": {
            "p(95)": 2.586,
            "avg": 1.6596738768718793,
            "min": 0.502,
            "med": 1.6728,
            "max": 4.4372,
            "p(90)": 2.4099
        },
        "http_req_tls_handshaking": {
            "max": 0,
            "p(90)": 0,
            "p(95)": 0,
            "avg": 0,
            "min": 0,
            "med": 0
        },
        "http_reqs": {
            "count": 601,
            "rate": 30.04525660511347
        },
        "http_req_connecting": {
            "min": 0,
            "med": 0,
            "max": 0.518,
            "p(90)": 0,
            "p(95)": 0,
            "avg": 0.00561198003327787
        },
        "http_req_duration": {
            "avg": 1.931094841930116,
            "min": 0.5023,
            "med": 1.9998,
            "max": 5.4376,
            "p(90)": 2.5207,
            "p(95)": 2.7999
        },
        "http_req_failed": {
            "passes": 0,
            "fails": 601,
            "thresholds": {
                "rate<0.10": false
            },
            "value": 0
        },
        "http_req_duration{expected_response:true}": {
            "min": 0.5023,
            "med": 1.9998,
            "max": 5.4376,
            "p(90)": 2.5207,
            "p(95)": 2.7999,
            "avg": 1.931094841930116
        },
        "http_req_blocked": {
            "avg": 0.022685856905158067,
            "min": 0,
            "med": 0,
            "max": 9.7607,
            "p(90)": 0,
            "p(95)": 0
        },
        "iteration_duration": {
            "max": 14.4693,
            "p(90)": 2.7999,
            "p(95)": 3.0082,
            "avg": 2.1521803660565735,
            "min": 0.5023,
            "med": 2.1983
        },
        "data_sent": {
            "count": 89549,
            "rate": 4476.743234161907
        },
        "checks": {
            "passes": 1202,
            "fails": 0,
            "value": 1
        },
        "vus_max": {
            "value": 60,
            "min": 60,
            "max": 60
        },
        "http_req_receiving": {
            "med": 0,
            "max": 1.507,
            "p(90)": 0.7963,
            "p(95)": 0.8878,
            "avg": 0.2630004991680534,
            "min": 0
        },
        "http_req_sending": {
            "med": 0,
            "max": 1.0028,
            "p(90)": 0,
            "p(95)": 0,
            "avg": 0.008420465890183028,
            "min": 0
        }
    },
    "root_group": {
        "name": "",
        "path": "",
        "id": "d41d8cd98f00b204e9800998ecf8427e",
        "groups": {},
        "checks": {
                "status is 200": {
                    "name": "status is 200",
                    "path": "::status is 200",
                    "id": "6210a8cd14cd70477eba5c5e4cb3fb5f",
                    "passes": 601,
                    "fails": 0
                },
                "has sum": {
                    "passes": 601,
                    "fails": 0,
                    "name": "has sum",
                    "path": "::has sum",
                    "id": "8710474e05a01dc8091674224550be6c"
                }
            }
    }
}