{
    "metrics": {
        "http_req_tls_handshaking": {
            "min": 0,
            "med": 0,
            "max": 0,
            "p(90)": 0,
            "p(95)": 0,
            "avg": 0
        },
        "data_received": {
            "count": 6860000,
            "rate": 342979.6372989336
        },
        "vus": {
            "value": 0,
            "min": 0,
            "max": 1
        },
        "http_req_duration{expected_response:true}": {
            "p(90)": 0,
            "p(95)": 0,
            "avg": 0.028692470000000025,
            "min": 0,
            "med": 0,
            "max": 8.1344
        },
        "http_req_receiving": {
            "avg": 0.005584324999999997,
            "min": 0,
            "med": 0,
            "max": 4.0945,
            "p(90)": 0,
            "p(95)": 0
        },
        "http_req_failed": {
            "passes": 0,
            "fails": 20000,
            "thresholds": {
                "rate<0.10": false
            },
            "value": 0
        },
        "http_req_duration": {
            "min": 0,
            "med": 0,
            "max": 8.1344,
            "p(90)": 0,
            "p(95)": 0,
            "avg": 0.028692470000000025
        },
        "http_reqs": {
            "count": 20000,
            "rate": 999.9406335245877
        },
        "data_sent": {
            "count": 1600000,
            "rate": 79995.25068196701
        },
        "vus_max": {
            "value": 500,
            "min": 500,
            "max": 500
        },
        "http_req_connecting": {
            "max": 1.0342,
            "p(90)": 0,
            "p(95)": 0,
            "avg": 0.0006967350000000001,
            "min": 0,
            "med": 0
        },
        "http_req_sending": {
            "avg": 0.00036508000000000005,
            "min": 0,
            "med": 0,
            "max": 1.5143,
            "p(90)": 0,
            "p(95)": 0
        },
        "http_req_waiting": {
            "min": 0,
            "med": 0,
            "max": 8.1344,
            "p(90)": 0,
            "p(95)": 0,
            "avg": 0.02274306500000003
        },
        "checks": {
            "passes": 40000,
            "fails": 0,
            "value": 1
        },
        "iteration_duration": {
            "max": 18.4104,
            "p(90)": 0,
            "p(95)": 0.5069049999999999,
            "avg": 0.045389875,
            "min": 0,
            "med": 0
        },
        "iterations": {
            "rate": 999.9406335245877,
            "count": 20000
        },
        "http_req_blocked": {
            "avg": 0.006388380000000002,
            "min": 0,
            "med": 0,
            "max": 10.2666,
            "p(90)": 0,
            "p(95)": 0
        }
    },
    "root_group": {
        "name": "",
        "path": "",
        "id": "d41d8cd98f00b204e9800998ecf8427e",
        "groups": {},
        "checks": {
                "status is 200": {
                    "fails": 0,
                    "name": "status is 200",
                    "path": "::status is 200",
                    "id": "6210a8cd14cd70477eba5c5e4cb3fb5f",
                    "passes": 20000
                },
                "has status field": {
                    "name": "has status field",
                    "path": "::has status field",
                    "id": "284cbdc4479f7c4119a0c0ed4944a6e1",
                    "passes": 20000,
                    "fails": 0
                }
            }
    }
}