{
    "root_group": {
        "name": "",
        "path": "",
        "id": "d41d8cd98f00b204e9800998ecf8427e",
        "groups": {},
        "checks": {
                "status is 200": {
                    "fails": 0,
                    "name": "status is 200",
                    "path": "::status is 200",
                    "id": "6210a8cd14cd70477eba5c5e4cb3fb5f",
                    "passes": 300
                },
                "has hash": {
                    "name": "has hash",
                    "path": "::has hash",
                    "id": "4fad9de81b8c318fd2fdd5e4304fb822",
                    "passes": 300,
                    "fails": 0
                }
            }
    },
    "metrics": {
        "checks": {
            "passes": 600,
            "fails": 0,
            "value": 1
        },
        "http_req_duration{expected_response:true}": {
            "p(90)": 2.04748,
            "p(95)": 2.6729,
            "avg": 1.0880033333333328,
            "min": 0,
            "med": 0.91785,
            "max": 4.0829
        },
        "iteration_duration": {
            "p(90)": 2.4793600000000025,
            "p(95)": 3.261115000000001,
            "avg": 1.271510333333332,
            "min": 0,
            "med": 1.0536,
            "max": 12.5843
        },
        "vus_max": {
            "max": 40,
            "value": 40,
            "min": 40
        },
        "http_req_duration": {
            "max": 4.0829,
            "p(90)": 2.04748,
            "p(95)": 2.6729,
            "avg": 1.0880033333333328,
            "min": 0,
            "med": 0.91785
        },
        "http_req_waiting": {
            "avg": 0.9204129999999998,
            "min": 0,
            "med": 0.66805,
            "max": 4.0829,
            "p(90)": 1.7092300000000002,
            "p(95)": 2.226315
        },
        "http_req_failed": {
            "passes": 0,
            "fails": 300,
            "thresholds": {
                "rate<0.10": false
            },
            "value": 0
        },
        "vus": {
            "min": 0,
            "max": 0,
            "value": 0
        },
        "http_req_tls_handshaking": {
            "avg": 0,
            "min": 0,
            "med": 0,
            "max": 0,
            "p(90)": 0,
            "p(95)": 0
        },
        "data_received": {
            "rate": 5959.307369568793,
            "count": 89400
        },
        "http_req_connecting": {
            "avg": 0.052159,
            "min": 0,
            "med": 0,
            "max": 1.4721,
            "p(90)": 0,
            "p(95)": 0.5074850000000007
        },
        "data_sent": {
            "count": 60000,
            "rate": 3999.535147361606
        },
        "http_req_blocked": {
            "avg": 0.093443,
            "min": 0,
            "med": 0,
            "max": 9.7407,
            "p(90)": 0,
            "p(95)": 0.6119350000000031
        },
        "http_req_sending": {
            "avg": 0.014608666666666667,
            "min": 0,
            "med": 0,
            "max": 0.8892,
            "p(90)": 0,
            "p(95)": 0
        },
        "http_req_receiving": {
            "avg": 0.15298166666666668,
            "min": 0,
            "med": 0,
            "max": 1.0116,
            "p(90)": 0.5491700000000003,
            "p(95)": 0.7157150000000001
        },
        "http_reqs": {
            "count": 300,
            "rate": 19.99767573680803
        },
        "iterations": {
            "count": 300,
            "rate": 19.99767573680803
        }
    }
}