{
    "root_group": {
        "name": "",
        "path": "",
        "id": "d41d8cd98f00b204e9800998ecf8427e",
        "groups": {},
        "checks": {
                "status is 200": {
                    "id": "6210a8cd14cd70477eba5c5e4cb3fb5f",
                    "passes": 0,
                    "fails": 2001,
                    "name": "status is 200",
                    "path": "::status is 200"
                },
                "has hash": {
                    "id": "4fad9de81b8c318fd2fdd5e4304fb822",
                    "passes": 2001,
                    "fails": 0,
                    "name": "has hash",
                    "path": "::has hash"
                }
            }
    },
    "metrics": {
        "iterations": {
            "count": 2001,
            "rate": 100.04494172774625
        },
        "http_req_duration": {
            "p(90)": 1.4208,
            "p(95)": 1.5954,
            "avg": 0.9383220889555229,
            "min": 0,
            "med": 0.943,
            "max": 13.0944
        },
        "http_req_sending": {
            "avg": 0.0015616691654172915,
            "min": 0,
            "med": 0,
            "max": 0.5557,
            "p(90)": 0,
            "p(95)": 0
        },
        "vus_max": {
            "value": 200,
            "min": 200,
            "max": 200
        },
        "data_received": {
            "count": 734367,
            "rate": 36716.49361408287
        },
        "http_req_tls_handshaking": {
            "p(95)": 0,
            "avg": 0,
            "min": 0,
            "med": 0,
            "max": 0,
            "p(90)": 0
        },
        "http_req_receiving": {
            "min": 0,
            "med": 0,
            "max": 1.3019,
            "p(90)": 0.6516,
            "p(95)": 0.7664,
            "avg": 0.23435232383808102
        },
        "checks": {
            "fails": 2001,
            "passes": 2001,
            "value": 0.5
        },
        "iteration_duration": {
            "p(90)": 1.4517,
            "p(95)": 1.6405,
            "avg": 1.0032828585707165,
            "min": 0,
            "med": 1.0114,
            "max": 21.8977
        },
        "http_req_waiting": {
            "avg": 0.7024080959520242,
            "min": 0,
            "med": 0.5154,
            "max": 12.3446,
            "p(90)": 1.0471,
            "p(95)": 1.2553
        },
        "http_reqs": {
            "count": 2001,
            "rate": 100.04494172774625
        },
        "http_req_connecting": {
            "avg": 0.004998100949525238,
            "min": 0,
            "med": 0,
            "max": 1.1737,
            "p(90)": 0,
            "p(95)": 0
        },
        "data_sent": {
            "rate": 20008.98834554925,
            "count": 400200
        },
        "http_req_duration{expected_response:true}": {
            "avg": 0.9383220889555229,
            "min": 0,
            "med": 0.943,
            "max": 13.0944,
            "p(90)": 1.4208,
            "p(95)": 1.5954
        },
        "vus": {
            "max": 0,
            "value": 0,
            "min": 0
        },
        "http_req_failed": {
            "passes": 0,
            "fails": 2001,
            "thresholds": {
                "rate<0.10": false
            },
            "value": 0
        },
        "http_req_blocked": {
            "min": 0,
            "med": 0,
            "max": 10.3198,
            "p(90)": 0,
            "p(95)": 0,
            "avg": 0.01222783608195902
        }
    }
}