{
    "metrics": {
        "iterations": {
            "count": 10000,
            "rate": 492.3519282347829
        },
        "vus": {
            "value": 156,
            "min": 155,
            "max": 157
        },
        "http_req_waiting": {
            "p(95)": 301.767905,
            "avg": 300.315148889999,
            "min": 298.6839,
            "med": 300.07465,
            "max": 314.6053,
            "p(90)": 300.7999
        },
        "data_sent": {
            "count": 950000,
            "rate": 46773.43318230438
        },
        "iteration_duration": {
            "avg": 310.68659801999974,
            "min": 309.0211,
            "med": 310.42499999999995,
            "max": 330.5647,
            "p(90)": 311.32662999999997,
            "p(95)": 312.187255
        },
        "http_req_duration{expected_response:true}": {
            "p(90)": 300.8286,
            "p(95)": 301.78776,
            "avg": 300.33276452999934,
            "min": 298.6839,
            "med": 300.0843,
            "max": 315.1955
        },
        "http_req_connecting": {
            "p(95)": 0,
            "avg": 0.0009903199999999996,
            "min": 0,
            "med": 0,
            "max": 0.5649,
            "p(90)": 0
        },
        "http_reqs": {
            "count": 10000,
            "rate": 492.3519282347829
        },
        "data_received": {
            "rate": 142782.05918808706,
            "count": 2900000
        },
        "http_req_duration": {
            "avg": 300.33276452999934,
            "min": 298.6839,
            "med": 300.0843,
            "max": 315.1955,
            "p(90)": 300.8286,
            "p(95)": 301.78776
        },
        "http_req_blocked": {
            "avg": 0.00993264,
            "min": 0,
            "med": 0,
            "max": 10.6243,
            "p(90)": 0,
            "p(95)": 0
        },
        "http_req_tls_handshaking": {
            "avg": 0,
            "min": 0,
            "med": 0,
            "max": 0,
            "p(90)": 0,
            "p(95)": 0
        },
        "http_req_receiving": {
            "p(95)": 0,
            "avg": 0.01732874999999999,
            "min": 0,
            "med": 0,
            "max": 1.0114,
            "p(90)": 0
        },
        "http_req_failed": {
            "fails": 10000,
            "passes": 0,
            "thresholds": {
                "rate<0.05": false
            },
            "value": 0
        },
        "checks": {
            "passes": 10000,
            "fails": 10000,
            "value": 0.5
        },
        "vus_max": {
            "value": 1000,
            "min": 1000,
            "max": 1000
        },
        "http_req_sending": {
            "p(90)": 0,
            "p(95)": 0,
            "avg": 0.00028689,
            "min": 0,
            "med": 0,
            "max": 0.5196
        }
    },
    "root_group": {
        "name": "",
        "path": "",
        "id": "d41d8cd98f00b204e9800998ecf8427e",
        "groups": {},
        "checks": {
                "status is 200": {
                    "name": "status is 200",
                    "path": "::status is 200",
                    "id": "6210a8cd14cd70477eba5c5e4cb3fb5f",
                    "passes": 10000,
                    "fails": 0
                },
                "simulated io": {
                    "path": "::simulated io",
                    "id": "930dc4eba98b86666f0b86a463d84734",
                    "passes": 0,
                    "fails": 10000,
                    "name": "simulated io"
                }
            }
    }
}